FoodId,FoodDescription
1,"Abalone, black lip, aquacultured, raw"
2,"Abalone, black lip, wild, raw"
4,"Abalone, green lip, aquacultured, raw"
5,"Abalone, green lip, wild, raw"
6,"Alcoholic beverage, spirit, approx 30% v/v, all (Brandy, Gin, Rum, Vodka and Whisky), cooked"
7,"Alcoholic beverage, spirit, approx 40% v/v, all (Brandy, Gin, Rum, Vodka and Whisky)"
8,"Almond beverage, added sugar & Ca"
9,"Almond beverage, added sugar & vitamins B1, B2 & B12 & Ca"
10,"Almond beverage, added sugar, unfortified"
11,"Almond beverage, no added sugar, added Ca"
12,"Almond beverage, no added sugar, unfortified"
13,"Amaranth, grain, whole, uncooked"
14,"Anchovy, canned in oil, drained"
15,"Apple, bonza, unpeeled, raw"
16,"Apple, dried"
17,"Apple, fuji, unpeeled, raw"
18,"Apple, golden delicious, unpeeled, raw"
19,"Apple, granny-smith, unpeeled, raw"
20,"Apple, green skin, unpeeled, raw"
21,"Apple, jonathon, unpeeled, raw"
22,"Apple, pink lady, unpeeled, raw"
23,"Apple, red delicious, unpeeled, raw"
24,"Apple, red skin, unpeeled, raw"
25,"Apple, royal gala, unpeeled, raw"
26,"Apricot, canned in pear juice"
27,"Apricot, canned in pear juice, drained"
28,"Apricot, canned in pear juice, juice only"
29,"Apricot, dried"
30,"Apricot, raw"
31,"Artichoke heart, canned in brine, drained"
32,"Artichoke, globe, boiled, drained"
33,"Artichoke, globe, raw"
34,"Artichoke, jerusalem, peeled, boiled, drained"
35,"Artichoke, jerusalem, peeled, raw"
36,"Asparagus, canned in brine, drained"
37,"Asparagus, green, boiled, drained"
38,"Asparagus, green, raw"
39,"Avocado, raw"
40,"Bacon, middle rasher, separable fat, fried, no added fat"
41,"Bacon, middle rasher, separable lean, fried, no added fat"
42,"Bacon, middle rasher, untrimmed, raw"
43,"Bacon, shortcut, as purchased without rind, fried, no added fat"
44,"Baked beans, canned in tomato sauce"
45,"Baked beans, canned in tomato sauce, reduced salt"
46,"Baking powder, dry powder"
47,"Baking soda (bicarbonate), dry powder"
48,"Ball, snack, date based"
49,"Bamboo shoot, canned in water, heated, drained"
50,"Banana, cavendish, peeled, raw"
51,"Banana, lady finger or sugar, peeled, raw"
52,"Bar, cherry & coconut centre, dark chocolate-coated"
53,"Bar, coconut cream centre, milk chocolate-coated"
54,"Bar, honeycomb centre, milk chocolate-coated"
55,"Bar, muesli, plain or with dried fruit"
56,"Bar, muesli, plain or with dried fruit, chocolate-coated"
57,"Bar, muesli, plain or with dried fruit, yoghurt-coated"
58,"Bar, muesli, with nuts"
59,"Bar, nougat & caramel centre, milk chocolate-coated"
60,"Bar, snack, fruit filled, baked"
61,"Bar, snack, oat based, baked"
62,"Bar, snack, with >35% nuts, added protein"
63,"Bar, snack, with >55% nuts"
64,"Barley, pearl, boiled, no added fat or salt"
65,"Barley, pearl, uncooked"
66,"Barramundi, aquacultured, fillet, grilled, no added fat"
67,"Barramundi, aquacultured, fillet, raw"
68,"Barramundi, aquacultured, fillet, steamed with no added fat"
69,"Basil, green, fresh, raw"
70,"Bassa (basa), fillet, baked, no added fat"
71,"Bassa (basa), fillet, steamed, no added fat"
72,"Bassa, fillet, raw"
73,"Bean, broad, dried"
74,"Bean, broad, fresh, boiled, drained"
75,"Bean, broad, fresh, raw"
77,"Bean, butter, fresh, boiled, drained"
78,"Bean, butter, fresh, raw"
79,"Bean, green, fresh, boiled, drained"
80,"Bean, green, fresh, raw"
81,"Bean, green, frozen, boiled, drained"
82,"Bean, haricot, dried"
83,"Bean, haricot, dried, boiled, drained"
84,"Bean, lima, dried"
85,"Bean, lima, dried, boiled, drained"
86,"Bean, mung, whole, dried, uncooked"
87,"Bean, red kidney, canned, drained"
88,"Bean, red kidney, dried"
89,"Bean, red kidney, dried, boiled, drained"
90,"Bean, red kidney, fresh, boiled, drained"
91,"Bean, red kidney, fresh, raw"
92,"Beef, all cuts, separable fat, cooked, no added fat"
93,"Beef, all cuts, separable fat, raw"
94,"Beef, boneless dice or strips, lean, casseroled, no added fat"
95,"Beef, boneless dice or strips, lean, raw"
96,"Beef, boneless dice or strips, lean, stir-fried, no added fat"
97,"Beef, boneless dice or strips, untrimmed, casseroled, no added fat"
98,"Beef, boneless dice or strips, untrimmed, raw"
99,"Beef, boneless dice or strips, untrimmed, stir-fried, no added fat"
100,"Beef, casserole meat, boneless or bone-in, blade, lean, casseroled"
101,"Beef, casserole meat, boneless or bone-in, shin, lean, casseroled, no added fat"
102,"Beef, casserole meat, boneless or bone-in, shin, lean, raw"
103,"Beef, casserole meat, boneless or bone-in, shin, semi-trimmed, casseroled, no added fat"
104,"Beef, casserole meat, boneless or bone-in, shin, semi-trimmed, raw"
105,"Beef, casserole meat, boneless or bone-in, shin, untrimmed, casseroled, no added fat"
106,"Beef, casserole meat, boneless or bone-in, shin, untrimmed, raw"
107,"Beef, casserole meat, boneless, blade or chuck, lean, casseroled, no added fat"
108,"Beef, casserole meat, boneless, blade or chuck, lean, raw"
109,"Beef, casserole meat, boneless, blade or chuck, semi-trimmed, casseroled"
110,"Beef, casserole meat, boneless, blade or chuck, semi-trimmed, raw"
111,"Beef, casserole meat, boneless, blade or chuck, untrimmed, casseroled, no added fat"
112,"Beef, casserole meat, boneless, blade or chuck, untrimmed, raw"
113,"Beef, casserole meat, boneless, blade, semi-trimmed, casseroled"
114,"Beef, casserole meat, boneless, blade, untrimmed, casseroled"
115,"Beef, casserole meat, boneless, chuck, lean, casseroled, no added fat"
116,"Beef, casserole meat, boneless, chuck, lean, raw"
117,"Beef, casserole meat, boneless, chuck, semi-trimmed, casseroled"
118,"Beef, casserole meat, boneless, chuck, semi-trimmed, raw"
119,"Beef, casserole meat, boneless, chuck, untrimmed, casseroled, no added fat"
120,"Beef, casserole meat, boneless, chuck, untrimmed, raw"
121,"Beef, corned, canned"
122,"Beef, diced, lean, casseroled, no added fat"
123,"Beef, diced, lean, dry-fried, no added fat"
124,"Beef, diced, lean, raw"
125,"Beef, diced, untrimmed, casseroled, no added fat"
126,"Beef, diced, untrimmed, dry-fried, no added fat"
127,"Beef, diced, untrimmed, raw"
128,"Beef, mince, higher fat, raw"
129,"Beef, mince, higher fat, stir-fried, no added fat"
130,"Beef, mince, lower fat, raw"
131,"Beef, mince, lower fat, stir-fried, no added fat"
132,"Beef, mince, regular fat, raw"
133,"Beef, mince, regular fat, stir-fried, no added fat"
134,"Beef, roasting piece, silverside or topside, lean, raw"
135,"Beef, roasting piece, silverside or topside, lean, roasted, no added fat"
136,"Beef, roasting piece, silverside or topside, semi-trimmed, raw"
137,"Beef, roasting piece, silverside or topside, semi-trimmed, roasted, no added fat"
138,"Beef, roasting piece, silverside or topside, untrimmed, raw"
139,"Beef, roasting piece, silverside or topside, untrimmed, roasted, no added fat"
140,"Beef, rump steak, lean, grilled, no added fat"
141,"Beef, rump steak, lean, raw"
142,"Beef, rump steak, semi-trimmed, grilled, no added fat"
143,"Beef, rump steak, semi-trimmed, raw"
144,"Beef, rump steak, untrimmed, grilled, no added fat"
145,"Beef, rump steak, untrimmed, raw"
146,"Beef, silverside roast, lean, raw"
147,"Beef, silverside roast, lean, roasted, no added fat"
148,"Beef, silverside roast, semi-trimmed, raw"
149,"Beef, silverside roast, semi-trimmed, roasted, no added fat"
150,"Beef, silverside roast, untrimmed, raw"
151,"Beef, silverside roast, untrimmed, roasted, no added fat"
152,"Beef, sirloin steak, lean, grilled, no added fat"
153,"Beef, sirloin steak, lean, raw"
154,"Beef, sirloin steak, semi-trimmed, grilled, no added fat"
155,"Beef, sirloin steak, semi-trimmed, raw"
156,"Beef, sirloin steak, untrimmed, grilled, no added fat"
157,"Beef, sirloin steak, untrimmed, raw"
158,"Beef, steak, boneless or bone-in, blade, lean, grilled, no added fat"
159,"Beef, steak, boneless or bone-in, blade, lean, raw"
160,"Beef, steak, boneless or bone-in, blade, semi-trimmed, grilled, no added fat"
161,"Beef, steak, boneless or bone-in, blade, semi-trimmed, raw"
162,"Beef, steak, boneless or bone-in, blade, untrimmed, raw"
163,"Beef, steak, boneless rump or sirloin, lean, grilled, no added fat"
164,"Beef, steak, boneless rump or sirloin, lean, raw"
165,"Beef, steak, boneless rump or sirloin, semi-trimmed, grilled, no added fat"
166,"Beef, steak, boneless rump or sirloin, semi-trimmed, raw"
167,"Beef, steak, boneless rump or sirloin, untrimmed, grilled, no added fat"
168,"Beef, steak, boneless rump or sirloin, untrimmed, raw"
169,"Beef, steak, boneless, fillet or tenderloin, lean, grilled, no added fat"
170,"Beef, steak, boneless, fillet or tenderloin, lean, raw"
171,"Beef, steak, boneless, fillet or tenderloin, semi-trimmed, grilled, no added fat"
172,"Beef, steak, boneless, fillet or tenderloin, semi-trimmed, raw"
173,"Beef, steak, boneless, fillet or tenderloin, untrimmed, grilled, no added fat"
174,"Beef, steak, boneless, fillet or tenderloin, untrimmed, raw"
175,"Beef, steak, boneless, round, lean, grilled, no added fat"
176,"Beef, steak, boneless, round, lean, raw"
177,"Beef, steak, boneless, round, semi-trimmed, grilled, no added fat"
178,"Beef, steak, boneless, round, semi-trimmed, raw"
179,"Beef, steak, boneless, round, untrimmed, grilled, no added fat"
180,"Beef, steak, boneless, round, untrimmed, raw"
181,"Beef, steak, boneless, scotch fillet, lean, grilled, no added fat"
182,"Beef, steak, boneless, scotch fillet, lean, raw"
183,"Beef, steak, boneless, scotch fillet, semi-trimmed, grilled, no added fat"
184,"Beef, steak, boneless, scotch fillet, semi-trimmed, raw"
185,"Beef, steak, boneless, scotch fillet, untrimmed, grilled, no added fat"
186,"Beef, steak, boneless, scotch fillet, untrimmed, raw"
187,"Beef, steak, with bone, blade, untrimmed, grilled, no added fat"
188,"Beef, steak, with bone, T-bone or blade, lean, grilled, no added fat"
189,"Beef, steak, with bone, T-bone or blade, lean, raw"
190,"Beef, steak, with bone, T-bone or blade, semi-trimmed, grilled, no added fat"
191,"Beef, steak, with bone, T-bone or blade, semi-trimmed, raw"
192,"Beef, steak, with bone, T-bone or blade, untrimmed, grilled, no added fat"
193,"Beef, steak, with bone, T-bone or blade, untrimmed, raw"
194,"Beef, steak, with bone, T-bone, lean, grilled, no added fat"
195,"Beef, steak, with bone, T-bone, lean, raw"
196,"Beef, steak, with bone, T-bone, semi-trimmed, grilled, no added fat"
197,"Beef, steak, with bone, T-bone, semi-trimmed, raw"
198,"Beef, steak, with bone, T-bone, untrimmed, grilled, no added fat"
199,"Beef, steak, with bone, T-bone, untrimmed, raw"
200,"Beef, stir-fry strips, lean, dry-fried, no added fat"
201,"Beef, stir-fry strips, lean, raw"
202,"Beef, stir-fry strips, untrimmed, dry-fried, no added fat"
203,"Beef, stir-fry strips, untrimmed, raw"
204,"Beef, strips, lean, casseroled, no added fat"
205,"Beef, strips, untrimmed, casseroled, no added fat"
206,"Beef, topside roast, lean, raw"
207,"Beef, topside roast, lean, roasted, no added fat"
208,"Beef, topside roast, semi-trimmed, raw"
209,"Beef, topside roast, semi-trimmed, roasted, no added fat"
210,"Beef, topside roast, untrimmed, raw"
211,"Beef, topside roast, untrimmed, roasted, no added fat"
213,"Beer, full strength (alcohol 4-4.9% v/v)"
214,"Beer, full strength (alcohol 4-4.9% v/v), carbohydrate modified"
215,"Beer, high alcohol (5% v/v & above)"
216,"Beer, light (alcohol 1-2.9% v/v)"
217,"Beer, mid-strength (alcohol 3-3.9% v/v)"
218,"Beetroot, canned in brine, drained"
219,"Beetroot, fresh, purple, peeled, baked, no added fat"
220,"Beetroot, fresh, purple, peeled, boiled, drained"
221,"Beetroot, fresh, purple, peeled, raw"
222,"Beverage base, chocolate flavour, added vitamins A, B1, B2, C & D, Ca & Fe (Milo)"
223,"Beverage base, chocolate flavour, unfortified (Nesquik brand)"
224,"Beverage base, drinking chocolate, unfortified"
226,"Beverage, chocolate flavour, from drinking chocolate, with regular fat cows milk"
227,"Beverage, chocolate flavour, from Milo powder, with regular fat cows milk"
228,"Beverage, chocolate flavour, from Nesquik powder, with regular fat cows milk"
229,"Biscuit, savoury, corn cake, plain, salted"
230,"Biscuit, savoury, from rye flour, crispbread"
231,"Biscuit, savoury, from wheat flour, crispbread, puffed & toasted"
232,"Biscuit, savoury, from white wheat flour, cheese-flavoured"
233,"Biscuit, savoury, from white wheat flour, flaky cracker style"
234,"Biscuit, savoury, from white wheat flour, flavoured (excluding cheese)"
235,"Biscuit, savoury, from white wheat flour, plain snack cracker style"
236,"Biscuit, savoury, from white wheat flour, Salada style"
237,"Biscuit, savoury, from white wheat flour, water cracker style"
238,"Biscuit, savoury, from wholemeal wheat flour & rye flour, crispbread, puffed"
239,"Biscuit, savoury, from wholemeal wheat flour, crispbread"
240,"Biscuit, savoury, rice cake, from brown rice, plain"
241,"Biscuit, savoury, rice cracker, added vegetable powder"
242,"Biscuit, savoury, rice cracker, flavoured (excluding seaweed)"
243,"Biscuit, savoury, rice cracker, plain"
244,"Biscuit, savoury, rice cracker, seaweed flavoured"
245,"Biscuit, savoury, seed based"
246,"Biscuit, sweet, Anzac style, homemade from basic ingredients"
247,"Biscuit, sweet, biscuit base, caramel filling, chocolate-coated, commercial"
248,"Biscuit, sweet, biscuit base, mint filling, chocolate-coated"
249,"Biscuit, sweet, breakfast style, with or without dried fruit"
250,"Biscuit, sweet, chocolate chip or coated"
251,"Biscuit, sweet, cream filled, commercial"
252,"Biscuit, sweet, plain"
253,"Biscuit, sweet, sandwich, cream & jam filling"
254,"Biscuit, sweet, sandwich, cream filling, chocolate-coated, tim tam style"
255,"Biscuit, sweet, shortbread style, commercial"
256,"Biscuit, sweet, wheatmeal"
257,"Blackberry, raw"
258,"Blue grenadier, flesh, baked, no added fat"
259,"Blue grenadier, flesh, raw"
260,"Blue grenadier, flesh, steamed, no added fat"
261,"Blueberry, purchased frozen"
262,"Blueberry, raw"
263,"Bok choy, fried, no added fat"
264,"Bok choy, raw"
265,"Bok choy, steamed"
266,"Braised steak & onions, canned"
267,"Bread roll, from white flour"
268,"Bread roll, from white flour, toasted"
269,"Bread roll, from wholemeal flour"
270,"Bread roll, from wholemeal flour, toasted"
271,"Bread roll, mixed grain"
272,"Bread roll, mixed grain, toasted"
273,"Bread roll, topped with cheese"
274,"Bread roll, topped with cheese & bacon"
276,"Bread, banana"
277,"Bread, damper, from white flour, homemade"
279,"Bread, flat (pita or Lebanese), white, commercial"
280,"Bread, flat (pita or Lebanese), wholemeal, commercial"
281,"Bread, from rye flour, sour dough"
282,"Bread, from rye flour, sour dough, toasted"
283,"Bread, from wheat flour, added dried fruit, toasted"
284,"Bread, from white flour"
285,"Bread, from white flour, added calcium"
286,"Bread, from white flour, added calcium, toasted"
287,"Bread, from white flour, added dried fruit"
288,"Bread, from white flour, added fibre"
289,"Bread, from white flour, added fibre, toasted"
290,"Bread, from white flour, added iron"
291,"Bread, from white flour, added iron, toasted"
292,"Bread, from white flour, added omega-3 polyunsaturates"
293,"Bread, from white flour, added omega-3 polyunsaturates, toasted"
294,"Bread, from white flour, extra grainy & seeds"
295,"Bread, from white flour, extra grainy & seeds, toasted"
296,"Bread, from white flour, Italian-style, commercial"
297,"Bread, from white flour, Italian-style, commercial, toasted"
298,"Bread, from white flour, sour dough, commercial"
299,"Bread, from white flour, sour dough, commercial, toasted"
300,"Bread, from white flour, toasted"
301,"Bread, from white flour, Turkish"
302,"Bread, from white flour, Turkish, toasted"
303,"Bread, from white Jackaroo flour, added fibre and vitamins B1 & folate & Fe"
304,"Bread, from white Jackaroo flour, added fibre and vitamins B1 & folate & Fe, toasted"
305,"Bread, from wholemeal flour"
306,"Bread, from wholemeal flour, extra grainy & seeds"
307,"Bread, from wholemeal flour, extra grainy & seeds, toasted"
308,"Bread, from wholemeal flour, toasted"
309,"Bread, garlic or herb, homemade, cooked"
310,"Bread, garlic, commercial, cooked"
311,"Bread, gluten free"
312,"Bread, gluten free, toasted"
313,"Bread, mixed grain"
314,"Bread, mixed grain, toasted"
315,"Bread, Naan, commercial"
316,"Bread, organic"
317,"Bread, organic, toasted"
318,"Bread, pizza base, commercial"
319,"Bread, tortilla, white, commercial"
320,"Bread, wrap, white, commercial"
321,"Breadcrumbs, white"
323,"Breakfast cereal, beverage, non-chocolate flavours, added vitamins A, B1, B2, B3, B6, B12, C & folate & Ca"
324,"Breakfast cereal, flakes of corn, added vitamins B1, B2, B3, C & folate, Fe & Zn"
325,"Breakfast cereal, flakes of corn, unfortified"
326,"Breakfast cereal, mixed grain (rice & wheat), flakes, added vitamins B1, B2, B3, B6 & folate, Ca, Fe & Zn"
327,"Breakfast cereal, mixed grain (wheat & oat), flakes, apricot & sultana, added vitamins B1, B2, B3 & folate & Fe"
328,"Breakfast cereal, mixed grain (wheat, oat & corn), extruded, added vitamins B1, B2, B3, B6, C & folate, Ca & Fe"
329,"Breakfast cereal, mixed grain (wheat, rice & oat), flakes, honey, unfortified"
330,"Breakfast cereal, puffed or popped rice, added vitamins B1, B2, B3, C & folate, Fe & Zn"
331,"Breakfast cereal, puffed or popped rice, cocoa coating, added vitamins B1, B2, B3, C & folate, Ca, Fe & Zn"
332,"Breakfast cereal, puffed or popped rice, no added sugar or salt, unfortified"
334,"Breakfast cereal, wheat bran, flakes, sultanas, added vitamins B1, B2, B3, B6 & folate, Fe & Zn"
335,"Breakfast cereal, wheat bran, pellets, added vitamins B1, B2 & folate, Fe & Zn"
336,"Breakfast cereal, whole wheat, biscuit, added vitamins B1, B2, B3 & folate, Fe & Zn"
337,"Breakfast cereal, whole wheat, biscuit, bran, added vitamins B1, B2, B3 & folate & Fe"
338,"Breakfast cereal, whole wheat, biscuit, no added sugar, unfortified"
339,"Breakfast cereal, whole wheat, flakes, dried fruit & nuts, added fibre, vitamins B1, B2, B3 & folate, Ca & Fe"
340,"Breakfast cereal, whole wheat, puffed, no added sugar or salt, unfortified"
341,"Bream, fillet, baked, no added fat"
342,"Bream, fillet, raw"
343,"Bream, fillet, steamed, no added fat"
344,"Broccoli, fresh, baked, no added fat"
345,"Broccoli, fresh, boiled, drained"
346,"Broccoli, fresh, microwaved"
347,"Broccoli, fresh, raw"
348,"Broccolini, fresh, boiled, drained"
349,"Broccolini, fresh, raw"
350,"Brussels sprout, fresh, boiled, drained"
351,"Brussels sprout, fresh, raw"
352,"Buckwheat groats, cooked in water, no added salt"
353,"Buckwheat groats, uncooked"
354,"Buffalo, riverine, cube roll, raw"
355,"Buffalo, riverine, topside, raw"
356,"Buffalo, swamp, cube roll, raw"
357,"Buffalo, swamp, topside, raw"
358,"Bulgur, soaked in water, no added fat or salt"
359,"Bulgur, uncooked"
360,"Bun, sweet, hot cross bun, with dried fruit"
361,"Bun, sweet, with dried fruit, iced"
362,"Bun, sweet, with dried fruit, uniced"
364,"Butter, plain, no added salt"
365,"Butter, plain, salted"
366,"Cabbage, Chinese flowering, boiled, drained"
367,"Cabbage, Chinese flowering, raw"
368,"Cabbage, Chinese, boiled, drained"
369,"Cabbage, Chinese, raw"
370,"Cabbage, mustard, boiled, drained"
371,"Cabbage, mustard, raw"
372,"Cabbage, red, boiled, drained"
373,"Cabbage, red, raw"
374,"Cabbage, savoy, boiled, drained"
375,"Cabbage, savoy, raw"
376,"Cabbage, white, boiled, drained"
377,"Cabbage, white, raw"
378,"Cake mix, plain, dry powder"
379,"Cake, carrot, commercial, iced"
380,"Cake, carrot, homemade, iced"
381,"Cake, carrot, homemade, uniced"
382,"Cake, chocolate, homemade, iced"
383,"Cake, chocolate, homemade, uniced"
384,"Cake, fruit, homemade, uniced"
385,"Cake, lamington, unfilled"
386,"Cake, mud, dark chocolate, commercial, chocolate ganache icing"
387,"Cake, mud, dark chocolate, homemade, chocolate ganache icing"
388,"Cake, mud, dark chocolate, homemade, uniced"
389,"Cake, plain butter cake, commercial, iced"
390,"Cake, plain butter cake, commercial, uniced"
391,"Cake, plain butter cake, homemade, iced"
392,"Cake, plain butter cake, homemade, uniced"
393,"Cake, sponge, plain, commercial, uniced, filled with jam & cream"
394,"Cake, sponge, plain, commercial, uniced, unfilled"
395,"Camel, cube roll, raw"
396,"Camel, rump, raw"
397,"Camel, steak, as purchased, fried, no added fat"
398,"Camel, steak, as purchased, raw"
399,"Capers, pickled, canned, drained"
400,"Capsicum, green, fresh, fried, no added fat"
401,"Capsicum, green, fresh, raw"
402,"Capsicum, red, fresh, fried, no added fat"
403,"Capsicum, red, fresh, raw"
404,"Caramels, soft & hard"
405,"Cardamom seed, dried, ground"
406,"Carrot, baby, baked, no added fat"
407,"Carrot, baby, peeled, fresh, boiled, drained"
408,"Carrot, baby, peeled, fresh, raw"
409,"Carrot, mature, peeled, fresh, baked, no added fat"
410,"Carrot, mature, peeled, fresh, boiled, drained"
411,"Carrot, mature, peeled, fresh, raw"
412,"Cassava, peeled, fresh, boiled, drained"
413,"Cassava, peeled, fresh, raw"
414,"Cassava, white flesh, peeled, fresh, boiled, drained"
415,"Cassava, white flesh, peeled, fresh, raw"
416,"Cassava, yellow flesh, peeled, fresh, boiled, drained"
417,"Cassava, yellow flesh, peeled, fresh, raw"
418,"Cauliflower, fresh, boiled, drained"
419,"Cauliflower, fresh, raw"
420,"Celeriac, peeled, boiled, drained"
421,"Celeriac, peeled, raw"
422,"Celery, fresh, fried, no added fat"
423,"Celery, fresh, raw"
424,"Cheese, blue vein"
425,"Cheese, bocconcini"
426,"Cheese, brie"
428,"Cheese, camembert"
429,"Cheese, cheddar, natural, reduced fat (approximately 15%)"
430,"Cheese, cheddar, natural, reduced fat (approximately 25%)"
431,"Cheese, cheddar, natural, regular fat"
432,"Cheese, cheddar, processed, reduced fat (approximately 15%), added vitamin D"
433,"Cheese, cheddar, processed, regular fat"
435,"Cheese, cottage"
436,"Cheese, cream, plain"
437,"Cheese, edam"
438,"Cheese, fetta (feta)"
439,"Cheese, goat, firm"
440,"Cheese, goat, soft"
441,"Cheese, haloumi"
443,"Cheese, mozzarella"
444,"Cheese, parmesan, dried, finely grated"
445,"Cheese, parmesan, fresh, regular fat"
446,"Cheese, ricotta"
447,"Cheese, soy"
448,"Cherry, black, canned in syrup"
449,"Cherry, black, canned in syrup, drained"
450,"Cherry, black, canned in syrup, syrup only"
451,"Cherry, raw"
452,"Chicken, barbecued, with skin"
453,"Chicken, breast, lean flesh, baked, no added fat"
454,"Chicken, breast, lean flesh, casseroled, no added fat"
455,"Chicken, breast, lean flesh, fried, no added fat"
456,"Chicken, breast, lean flesh, grilled, no added fat"
457,"Chicken, breast, lean flesh, raw"
458,"Chicken, breast, lean flesh, skin & fat, baked, no added fat"
459,"Chicken, breast, lean flesh, skin & fat, casseroled, no added fat"
460,"Chicken, breast, lean flesh, skin & fat, raw"
461,"Chicken, drumstick, lean flesh, baked, no added fat"
462,"Chicken, drumstick, lean flesh, casseroled, no added fat"
463,"Chicken, drumstick, lean flesh, raw"
464,"Chicken, drumstick, lean flesh, skin & fat, baked, no added fat"
465,"Chicken, drumstick, lean flesh, skin & fat, casseroled, no added fat"
466,"Chicken, drumstick, lean flesh, skin & fat, raw"
467,"Chicken, liver, fried, added butter"
468,"Chicken, liver, raw"
469,"Chicken, mince, fried, no added fat"
470,"Chicken, mince, raw"
471,"Chicken, nugget, purchased from fast food chain, grilled"
472,"Chicken, nugget, purchased from independent takeaway & fast food chain, fried, undefined oil"
473,"Chicken, nugget, purchased frozen, baked, no added fat"
474,"Chicken, processed luncheon meat, low or reduced fat"
475,"Chicken, schnitzel, baked without fat"
476,"Chicken, separable fat, composite, cooked, no added fat"
477,"Chicken, separable fat, composite, raw"
478,"Chicken, skin, composite, baked, no added fat"
479,"Chicken, skin, composite, casseroled, no added fat"
480,"Chicken, skin, composite, raw"
481,"Chicken, thigh, lean flesh, baked, no added fat"
482,"Chicken, thigh, lean flesh, casseroled, no added fat"
483,"Chicken, thigh, lean flesh, fried, no added fat"
484,"Chicken, thigh, lean flesh, raw"
485,"Chicken, thigh, lean flesh, skin & fat, baked, no added fat"
486,"Chicken, thigh, lean flesh, skin & fat, casseroled, no added fat"
487,"Chicken, thigh, lean flesh, skin & fat, raw"
488,"Chicken, wing, lean flesh, baked, no added fat"
489,"Chicken, wing, lean flesh, casseroled, no added fat"
490,"Chicken, wing, lean flesh, raw"
491,"Chicken, wing, lean flesh, skin & fat, baked, no added fat"
492,"Chicken, wing, lean flesh, skin & fat, casseroled, no added fat"
493,"Chicken, wing, lean flesh, skin & fat, raw"
494,"Chickpea, canned, drained"
495,"Chickpea, dried"
496,"Chickpea, dried, boiled, drained"
497,"Chicory, boiled, drained"
498,"Chicory, raw"
499,"Chilli (chili), dried, ground"
500,"Chilli (chili), green, fried, no added fat"
501,"Chilli (chili), green, raw"
502,"Chilli (chili), red, fried, no added fat"
503,"Chilli (chili), red, raw"
504,"Chives, raw"
505,"Chocolate, compound, cooking"
506,"Chocolate, dark, high cocoa solids"
507,"Chocolate, dark, no added sugar"
508,"Chocolate, milk"
510,"Chocolate, milk, fondant or caramel filled"
511,"Chocolate, milk, with dried fruit & nuts"
512,"Chocolate, milk, with nuts"
513,"Chocolate, white"
514,"Choko, peeled, fresh, boiled, drained"
515,"Choko, peeled, fresh, raw"
516,"Chutney or relish, commercial"
517,"Cider, apple (alcohol approximately 4-5% v/v)"
518,"Cinnamon, dried, ground"
519,"Cloves, dried, ground"
520,Cocoa powder
521,"Coconut beverage, added Ca"
522,"Coconut beverage, unfortified"
523,"Coconut, cream, regular fat"
524,"Coconut, fresh, mature fruit, flesh"
525,"Coconut, fresh, mature, water or juice"
526,"Coconut, fresh, young or immature, flesh"
527,"Coconut, fresh, young or immature, water or juice"
528,"Coconut, grated & desiccated"
529,"Coconut, milk, canned, reduced fat"
530,"Coconut, milk, canned, regular fat"
531,"Cod or hake, smoked, steamed"
532,"Cod, smoked, raw"
533,"Coffee mix, with beverage whitener & sugar, dry powder"
534,"Coffee, black, from instant coffee powder"
535,"Coffee, black, from instant coffee powder, decaffeinated"
536,"Coffee, espresso, from ground coffee beans"
537,"Coffee, flat white/latte/cappuccino, from ground coffee beans, with regular fat cows milk"
538,"Coffee, instant, dry powder or granules"
539,"Coffee, instant, dry powder or granules, decaffeinated"
540,"Coffee, long black, from ground coffee beans"
541,"Coffee, prepared from coffee mix with sugar & whitener, no added milk"
542,"Cone, wafer style, for ice cream"
543,"Confectionery, almond, chocolate-coated"
544,"Confectionery, chocolate centre, sugar-coated"
545,"Confectionery, dried fruit & nuts, chocolate-coated"
546,"Confectionery, peanut, chocolate-coated"
547,"Confectionery, sultana, chocolate-coated"
548,"Cordial base, 25% citrus fruit juice, regular"
549,"Cordial base, 40% citrus fruit juice, regular"
551,"Cordial base, blackcurrant juice, regular"
552,"Cordial, 25% citrus fruit juice, regular, recommended dilution"
553,"Cordial, 40% citrus fruit juice, regular, recommended dilution"
554,"Cordial, blackcurrant juice, regular, recommended dilution"
555,"Coriander seed, dried, ground"
556,"Coriander, fresh, raw"
557,"Corn chips, plain, toasted, salted"
558,"Corn, fresh on cob, boiled, drained"
559,"Corn, fresh on cob, raw"
560,"Corn, kernels, canned in brine, drained"
561,"Corn, kernels, purchased frozen, boiled, drained"
562,"Corn, kernels, purchased frozen, raw"
564,"Cornmeal (polenta), boiled, no added fat or salt"
565,"Cornmeal (polenta), uncooked"
566,"Couscous, boiled, no added fat or salt"
567,"Couscous, uncooked"
568,"Crab, flesh, purchased steamed or boiled"
569,"Cranberry, dried, sweetened"
570,"Cranberry, raw"
571,"Cream of tartar, dry powder"
572,"Cream, imitation (non-dairy)"
573,"Cream, sour, light (approximately 18% fat)"
574,"Cream, sour, regular fat"
575,"Cream, thickened, regular fat (approximately 35%)"
577,"Crocodile, back leg, raw"
578,"Crocodile, steak, as purchased, fried, no added fat"
579,"Crocodile, steak, as purchased, raw"
580,"Crocodile, tail fillet, raw"
581,"Croissant, plain"
582,"Crumpet, from white flour, toasted"
584,"Cucumber, common, peeled, raw"
585,"Cucumber, common, unpeeled, raw"
586,"Cucumber, Lebanese, unpeeled, raw"
587,"Cucumber, telegraph, unpeeled, raw"
588,"Cumin (cummin) seed, dried, ground"
589,"Cumquat (kumquat), raw"
590,"Currant, dried"
591,Curry powder
592,"Custard apple, African pride, peeled, raw"
593,"Custard powder, vanilla, dry mix"
594,"Custard, vanilla, prepared from dry mix"
595,"Custard, vanilla, regular fat"
596,"Dairy blend, butter & edible oil spread (approximately 80% fat), reduced salt (sodium 400 mg/100 g)"
597,"Dairy blend, butter & edible oil spread (approximately 80% fat), sodium 600 mg/100 g"
598,"Dairy or yoghurt dessert, chocolate, regular fat"
599,"Date, dried"
600,"Dill, fresh, raw"
601,"Dip, hummus, commercial"
602,"Doughnut, dusted with cinnamon & sugar"
603,"Doughnut, iced"
604,"Doughnut, jam filled, sugar coated"
605,"Dressing, French or Italian, regular fat, commercial"
606,"Dressing, thousand island, regular fat, commercial"
607,"Dripping, beef"
608,"Duck, breast, lean, fried, no added fat"
609,"Duck, breast, lean, raw"
610,"Duck, lean flesh, baked, no added fat"
611,"Duck, lean flesh, raw"
612,"Duck, lean flesh, skin & fat, baked, no added fat"
613,"Duck, lean flesh, skin & fat, raw"
614,"Duck, skin & fat, baked, no added fat"
615,"Duck, skin & fat, raw"
616,"Egg, chicken, white (albumen), hard-boiled"
617,"Egg, chicken, white (albumen), raw"
619,"Egg, chicken, whole, fried, no fat added"
620,"Egg, chicken, whole, hard-boiled"
621,"Egg, chicken, whole, omega-3 polyunsaturate enriched, boiled"
622,"Egg, chicken, whole, omega-3 polyunsaturate enriched, raw"
623,"Egg, chicken, whole, poached"
624,"Egg, chicken, whole, raw"
625,"Egg, chicken, whole, scrambled, with regular fat cows milk, no fat added"
626,"Egg, chicken, yolk, hard-boiled"
627,"Egg, chicken, yolk, raw"
628,"Eggplant, unpeeled, fresh, baked, no added fat"
629,"Eggplant, unpeeled, fresh, grilled, no added fat"
630,"Eggplant, unpeeled, fresh, raw"
631,"Emu, fan fillet, raw"
632,"Emu, steak, as purchased, fried, no added fat"
633,"Emu, steak, as purchased, raw"
634,"Endive, fresh, raw"
635,"Extruded snack, cheese flavoured"
636,"Fat, solid, vegetable oil based"
637,"Feijoa, raw"
638,"Fennel, fresh, boiled, drained"
639,"Fennel, fresh, raw"
640,"Fenugreek seed, dried"
641,"Fig, dried"
642,"Fig, fresh, unpeeled, raw"
643,"Fish finger, crumbed, purchased frozen, grilled, no added fat"
644,"Fish finger, crumbed, purchased frozen, raw"
645,"Fish, battered or crumbed, from takeaway outlet, deep fried, blended frying fat, ready to eat"
646,"Fish, eel, raw"
648,"Fish, white flesh, battered, packaged frozen, baked, no added fat"
649,"Fish, white flesh, crumbed, packaged frozen, baked, no added fat"
650,"Flathead, flesh, baked, no added fat"
651,"Flathead, flesh, raw"
652,"Flathead, flesh, steamed, no added fat"
653,"Flour, arrowroot"
654,"Flour, chickpea (besan)"
655,"Flour, cornflour, from maize & wheat starch"
656,"Flour, cornflour, from maize starch"
657,"Flour, gluten free, plain"
658,"Flour, rice"
659,"Flour, rye"
660,"Flour, soya"
661,"Flour, spelt"
662,"Flour, wheat, white, high protein or bread making flour"
663,"Flour, wheat, white, plain"
664,"Flour, wheat, white, plain, added vitamins B1, B2, B3, B6, E & folate & Fe, Mg & Zn (Jackaroo)"
665,"Flour, wheat, white, self-raising"
666,"Flour, wheat, white, self-raising, added vitamins B1, B2, B3, B6, E & folate & Fe, Mg & Zn (Jackaroo)"
667,"Flour, wheat, wholemeal, plain"
668,"Flour, wheat, wholemeal, self-raising"
669,"Frankfurt, cooked"
670,"Fruit drink, apple juice"
671,"Fruit drink, cranberry"
672,"Fruit drink, orange juice"
673,"Fruit salad, canned in fruit juice"
674,"Fruit salad, canned in fruit juice, drained"
675,"Fruit salad, canned in fruit juice, juice only"
676,"Garlic, peeled, fresh, fried, no added fat"
677,"Garlic, peeled, fresh, raw"
678,"Gelatine, all types"
679,"Gemfish, flesh, baked, no added fat"
680,"Gemfish, flesh, raw"
681,"Gemfish, flesh, steamed, no added fat"
682,"Ghee, clarified butter"
683,"Gherkin, pickled, drained, commercial"
684,"Ginger, dried, ground"
685,"Ginger, peeled, fresh, fried, no added fat"
686,"Ginger, peeled, fresh, raw"
687,"Glucose, liquid or syrup"
688,"Gluten, from wheat (vital wheat gluten)"
689,"Goat, all cuts, separable fat, baked, no added fat"
690,"Goat, all cuts, separable fat, raw"
691,"Goat, forequarter, lean, baked, no added fat"
692,"Goat, forequarter, lean, raw"
693,"Goat, leg, lean, baked, no added fat"
694,"Goat, leg, lean, raw"
695,"Goat, loin, lean, baked, no added fat"
696,"Goat, loin, lean, raw"
697,"Goat, meat, all cuts, lean, baked, no added fat"
698,"Goat, meat, all cuts, lean, casseroled, no added fat"
699,"Goat, meat, all cuts, lean, raw"
700,"Goat, meat, all cuts, untrimmed, baked, no added fat"
701,"Goat, meat, all cuts, untrimmed, casseroled, no added fat"
702,"Goat, meat, all cuts, untrimmed, raw"
703,"Goji berry, dried"
704,"Grape, black muscatel/muscat, raw"
705,"Grape, black sultana, raw"
706,"Grape, cornichon, raw"
707,"Grape, green, raw"
708,"Grape, red globe, raw"
709,"Grape, waltham cross, raw"
710,"Grapefruit, peeled, raw"
711,"Gravy powder, dry mix"
712,"Gravy, prepared from dry powder with water"
713,"Guava, Hawaiian, raw"
714,"Ham, leg, lean"
715,"Hamburger, white roll, beef patty, with cheese, onion, pickles & sauce, fast food chain"
716,"Hamburger, white roll, beef patty, with salad, independent takeaway outlet"
717,Honey
719,"Hot dog, bread roll, frankfurt & sauce filling"
720,"Ice confection, stick or tub, fruit juice or fruit flavoured"
721,"Ice confection, stick, milk-based, various flavours"
723,"Ice confection, stick, water-based, various flavours"
724,"Ice cream, vanilla flavour, premium or rich (~15% fat)"
725,"Ice cream, vanilla flavour, regular fat"
726,"Jackfruit, peeled, raw"
727,"Jam, berry"
728,"Jam, plum"
729,"Jam, stone fruit"
730,"Jelly crystals, sugar sweetened, all flavours"
731,"Jelly, sugar sweetened, all flavours, prepared"
732,"Juice, apple & blackcurrant, commercial"
733,"Juice, apple, commercial, added vitamin C"
734,"Juice, lemon"
735,"Juice, lime"
736,"Juice, orange & mango, commercial"
737,"Juice, orange, commercial"
738,"Kale, cooked, no added fat"
739,"Kale, raw"
740,"Kangaroo, loin fillet, grilled, no added fat"
741,"Kangaroo, loin fillet, raw"
742,"Kangaroo, rump, baked, no added fat"
743,"Kangaroo, rump, raw"
744,"Kangaroo, steak, as purchased, fried, no added fat"
745,"Kangaroo, steak, as purchased, raw"
746,"Kangaroo, tail, cooked, no added fat"
747,"Kangaroo, tail, raw"
748,"Kingfish, yellowtail, aquacultured, fillet, with skin, grilled, no added fat"
749,"Kingfish, yellowtail, aquacultured, fillet, with skin, raw"
750,"Kingfish, yellowtail, aquacultured, fillet, with skin, steamed, no added fat"
751,"Kiwifruit, gold, peeled, raw"
752,"Kiwifruit, green (hayward), peeled, raw"
753,"Kohlrabi, peeled, fresh, boiled, drained"
754,"Kohlrabi, peeled, fresh, raw"
755,"Kombucha, flavoured, added juice or intense sweeteners"
756,"Lamb, all cuts, separable fat, cooked"
757,"Lamb, all cuts, separable fat, raw"
758,"Lamb, boneless dice or strips, lean, casseroled, no added fat"
759,"Lamb, boneless dice or strips, lean, raw"
760,"Lamb, boneless dice or strips, lean, stir-fried, no added fat"
761,"Lamb, boneless dice or strips, untrimmed, casseroled, no added fat"
762,"Lamb, boneless dice or strips, untrimmed, raw"
763,"Lamb, boneless dice or strips, untrimmed, stir-fried, no added fat"
764,"Lamb, boneless, fillet or loin, lean, grilled, no added fat"
765,"Lamb, boneless, fillet or loin, lean, raw"
766,"Lamb, boneless, fillet or loin, untrimmed, grilled, no added fat"
767,"Lamb, boneless, fillet or loin, untrimmed, raw"
768,"Lamb, chop, with bone, chump, lean, grilled, no added fat"
769,"Lamb, chop, with bone, chump, lean, raw"
770,"Lamb, chop, with bone, chump, semi-trimmed, grilled, no added fat"
771,"Lamb, chop, with bone, chump, semi-trimmed, raw"
772,"Lamb, chop, with bone, chump, untrimmed, grilled, no added fat"
773,"Lamb, chop, with bone, chump, untrimmed, raw"
774,"Lamb, chop, with bone, forequarter, grilled, no added fat"
775,"Lamb, chop, with bone, forequarter, lean, grilled, no added fat"
776,"Lamb, chop, with bone, forequarter, lean, raw"
777,"Lamb, chop, with bone, forequarter, semi-trimmed, grilled, no added fat"
778,"Lamb, chop, with bone, forequarter, semi-trimmed, raw"
779,"Lamb, chop, with bone, forequarter, untrimmed, raw"
780,"Lamb, chop, with bone, loin or chump, lean, grilled, no added fat"
781,"Lamb, chop, with bone, loin or chump, lean, raw"
782,"Lamb, chop, with bone, loin or chump, semi-trimmed, grilled, no added fat"
783,"Lamb, chop, with bone, loin or chump, semi-trimmed, raw"
784,"Lamb, chop, with bone, loin or chump, untrimmed, grilled, no added fat"
785,"Lamb, chop, with bone, loin or chump, untrimmed, raw"
786,"Lamb, cutlet or frenched cutlet, with bone, lean, grilled, no added fat"
787,"Lamb, cutlet or frenched cutlet, with bone, lean, raw"
788,"Lamb, cutlet or frenched cutlet, with bone, semi-trimmed, grilled, no added fat"
789,"Lamb, cutlet or frenched cutlet, with bone, semi-trimmed, raw"
790,"Lamb, cutlet or frenched cutlet, with bone, untrimmed, grilled, no added fat"
791,"Lamb, cutlet or frenched cutlet, with bone, untrimmed, raw"
792,"Lamb, diced, lean, casseroled, no added fat"
793,"Lamb, diced, lean, raw"
794,"Lamb, diced, lean, stir-fried, no added fat"
795,"Lamb, diced, untrimmed, casseroled, no added fat"
796,"Lamb, diced, untrimmed, raw"
797,"Lamb, diced, untrimmed, stir-fried, no added fat"
798,"Lamb, eye of loin, lean, microwaved, no added fat"
799,"Lamb, eye of loin, lean, raw"
800,"Lamb, eye of loin, untrimmed, microwaved, no added fat"
801,"Lamb, eye of loin, untrimmed, raw"
802,"Lamb, fillet, lean, grilled, no added fat"
803,"Lamb, fillet, lean, raw"
804,"Lamb, fillet, untrimmed, grilled, no added fat"
805,"Lamb, fillet, untrimmed, raw"
806,"Lamb, leg roast, lean, raw"
807,"Lamb, leg roast, lean, roasted, no added fat"
808,"Lamb, leg roast, semi-trimmed, raw"
809,"Lamb, leg roast, semi-trimmed, roasted, no added fat"
810,"Lamb, leg roast, untrimmed, raw"
811,"Lamb, leg roast, untrimmed, roasted, no added fat"
812,"Lamb, liver, grilled, no added fat"
813,"Lamb, loin chop, lean, grilled, no added fat"
814,"Lamb, loin chop, lean, raw"
815,"Lamb, loin chop, semi-trimmed, grilled, no added fat"
816,"Lamb, loin chop, semi-trimmed, raw"
817,"Lamb, loin chop, untrimmed, grilled, no added fat"
818,"Lamb, loin chop, untrimmed, raw"
819,"Lamb, mince, raw"
820,"Lamb, mince, stir-fried, no added fat"
821,"Lamb, mini roast, lean, roasted, no added fat"
822,"Lamb, mini roast, semi-trimmed, roasted, no added fat"
823,"Lamb, mini roast, untrimmed, roasted, no added fat"
824,"Lamb, roasting piece, leg or mini roast, lean, raw"
825,"Lamb, roasting piece, leg or mini roast, lean, roasted, no added fat"
826,"Lamb, roasting piece, leg or mini roast, semi-trimmed, raw"
827,"Lamb, roasting piece, leg or mini roast, semi-trimmed, roasted, no added fat"
828,"Lamb, roasting piece, leg or mini roast, untrimmed, raw"
829,"Lamb, roasting piece, leg or mini roast, untrimmed, roasted, no added fat"
830,"Lamb, roasting piece, shoulder, lean, raw"
831,"Lamb, roasting piece, shoulder, lean, roasted, no added fat"
832,"Lamb, roasting piece, shoulder, semi-trimmed, raw"
833,"Lamb, roasting piece, shoulder, semi-trimmed, roasted, no added fat"
834,"Lamb, roasting piece, shoulder, untrimmed, raw"
835,"Lamb, roasting piece, shoulder, untrimmed, roasted, no added fat"
836,"Lamb, steak, boneless, lean, grilled, no added fat"
837,"Lamb, steak, boneless, lean, raw"
838,"Lamb, steak, boneless, semi-trimmed, grilled, no added fat"
839,"Lamb, steak, boneless, semi-trimmed, raw"
840,"Lamb, steak, boneless, untrimmed, grilled, no added fat"
841,"Lamb, steak, boneless, untrimmed, raw"
842,"Lamb, stir-fry strips, lean, casseroled, no added fat"
843,"Lamb, stir-fry strips, lean, raw"
844,"Lamb, stir-fry strips, lean, stir-fried, no added fat"
845,"Lamb, stir-fry strips, untrimmed, casseroled, no added fat"
846,"Lamb, stir-fry strips, untrimmed, raw"
847,"Lamb, stir-fry strips, untrimmed, stir-fried, no added fat"
848,"Lamb, with bone, shin, lean, casseroled, no added fat"
849,"Lamb, with bone, shin, lean, raw"
850,"Lamb, with bone, shin, semi-trimmed, casseroled, no added fat"
851,"Lamb, with bone, shin, semi-trimmed, raw"
852,"Lamb, with bone, shin, untrimmed, casseroled, no added fat"
853,"Lamb, with bone, shin, untrimmed, raw"
854,"Lasagne, beef, commercial, purchased frozen, baked"
855,"Lasagne, beef, homemade"
856,"Leek, fresh, boiled, drained"
857,"Leek, fresh, fried, no added fat"
858,"Leek, fresh, raw"
859,"Lemon peel, raw"
860,"Lemon, peeled, raw"
861,"Lemon, preserved"
862,"Lentil, dried, boiled, drained"
863,"Lentil, French, hulled, dry"
864,"Lentil, green, hulled, dry"
865,"Lentil, hulled, dry"
866,"Lentil, red, hulled, dry"
867,"Lettuce, cos, raw"
868,"Lettuce, iceberg, raw"
869,"Lettuce, mignonette, raw"
870,"Lime, native, fruit"
871,"Lime, peeled, raw"
872,"Liquorice, allsorts"
873,"Liquorice, black"
874,"Liquorice, chocolate-coated"
875,"Lobster, southern rock, wild, flesh, purchased steamed or boiled"
876,"Lobster, southern rock, wild, flesh, raw"
877,"Lolly, hard varieties"
878,"Lolly, jelly varieties"
879,"Lolly, mint flavoured, sugar sweetened"
881,"Loquat, peeled, raw"
882,"Lupin, dehulled, flakes, uncooked"
883,"Lupin, dehulled, splits, uncooked"
884,"Lupin, whole, uncooked"
885,"Lychee, peeled, raw"
886,"Macaroni & cheese, homemade, cooked unfilled pasta, homemade cheese sauce"
887,"Mackerel, grilled, no added fat"
888,"Mackerel, raw"
889,"Mackerel, steamed, no added fat"
890,"Maize, grits, uncooked"
891,"Mandarin, canned in syrup"
892,"Mandarin, canned in syrup, drained"
893,"Mandarin, canned in syrup, syrup only"
894,"Mandarin, peeled, raw"
895,"Mango, peeled, raw"
896,"Mango, pulped, canned"
897,"Margarine spread, monounsaturated (65% fat), rice bran oil, fortified"
898,"Margarine spread, monounsaturated (70% fat), reduced salt (sodium 350 mg/100 g), added phytosterols"
899,"Margarine spread, monounsaturated (greater than 65% fat)"
900,"Margarine spread, monounsaturated (greater than 65% fat), reduced salt (sodium 360 mg/100 g)"
901,"Margarine spread, monounsaturated, olive oil blend (65% fat), reduced salt (sodium 360 mg/100 g)"
902,"Margarine spread, monounsaturated, reduced fat (55% fat) & salt (sodium 380 mg/100 g)"
903,"Margarine spread, monounsaturated, reduced fat (less than 65% fat)"
904,"Margarine spread, polyunsaturated (70% fat)"
905,"Margarine spread, polyunsaturated (70% fat), reduced salt (sodium 280 mg/100 g)"
906,"Marmalade, orange"
907,"Mayonnaise, low fat, commercial"
908,"Mayonnaise, traditional (greater than 65% fat), commercial"
909,"Meat alternative, legume and/or vegetable base, as purchased"
910,"Meat alternative, legume and/or vegetable base, cooked"
911,"Meat alternative, mycoprotein/fungus base, commercial, as purchased"
912,"Meat alternative, mycoprotein/fungus base, cooked"
913,"Meat alternative, protein (soy/wheat/pea) base, as purchased"
914,"Meat alternative, protein (soy/wheat/pea) base, cooked"
915,"Melon, bitter, fresh, raw"
916,"Melon, hairy, fresh, raw"
917,"Melon, honey dew, white skin, peeled, raw"
918,"Melon, honey dew, yellow skin, peeled, raw"
919,"Melon, rockmelon, peeled, raw"
920,"Melon, watermelon, peeled, raw"
921,"Meringue, all flavours, commercial"
923,"Milk, cow, canned, evaporated, reduced fat (approximately 2% fat)"
924,"Milk, cow, canned, evaporated, regular"
925,"Milk, cow, canned, sweetened, condensed, regular"
926,"Milk, cow, fluid, flavoured, chocolate, reduced fat"
927,"Milk, cow, fluid, lactose free, reduced fat (1% fat)"
928,"Milk, cow, fluid, lactose free, regular fat (3.5% fat)"
929,"Milk, cow, fluid, reduced fat (1% fat)"
930,"Milk, cow, fluid, reduced fat (1.5% fat), added omega 3 polyunsaturates"
931,"Milk, cow, fluid, regular fat (3.5% fat)"
932,"Milk, cow, fluid, regular fat (3.5% fat), added omega 3 polyunsaturates"
933,"Milk, cow, fluid, skim (0.15% fat)"
934,"Milk, cow, fluid, skim (0.15% fat), added milk solids"
936,"Milk, cow, powder, regular fat, added vitamins A & D"
937,"Milk, cow, powder, regular fat, unfortified"
938,"Milk, cow, powder, skim"
939,"Milk, human/breast, mature, fluid"
940,"Milkfish, aquacultured, flesh, grilled, no added fat"
941,"Milkfish, aquacultured, flesh, raw"
942,"Milkfish, aquacultured, flesh, steamed, no added fat"
943,"Millet, boiled, no added fat or salt"
944,"Millet, uncooked"
945,"Mineral water, citrus flavoured"
946,"Mineral water, natural, unflavoured"
947,"Mint, fresh, raw"
949,Mixed dried fruit
950,"Mixed leafy greens, commercial, raw"
951,"Mixed vegetables, purchased frozen, carrot, corn & pea/bean, boiled, drained"
952,"Morwong, fillet, grilled, no added fat"
953,"Morwong, fillet, raw"
954,"Morwong, fillet, steamed, no added fat"
955,"Muesli, granola, non-oat based, toasted, added nuts & seeds, unfortified"
956,"Muesli, granola, toasted, added nuts & seeds, unfortified"
958,"Muesli, toasted, added dried fruit & nuts, unfortified"
959,"Muesli, untoasted or natural style, added dried fruit, unfortified"
960,"Muffin, cake-style, berry, commercial"
961,"Muffin, cake-style, chocolate chip, commercial"
962,"Muffin, English style, from white flour"
963,"Muffin, English style, from white flour, added dried fruit, toasted"
964,"Muffin, English style, from white flour, toasted"
965,"Mulberry, raw"
966,"Mullet, yelloweye, fillet, baked, no added fat"
967,"Mullet, yelloweye, fillet, raw"
968,"Mullet, yelloweye, fillet, steamed, no added fat"
969,"Mulloway, flesh, baked, no added fat"
970,"Mulloway, flesh, raw"
971,"Mulloway, flesh, steamed, no added fat"
972,"Mushroom, common, fresh, fried, no added fat"
973,"Mushroom, common, fresh, raw"
974,"Mushroom, common, vitamin D enhanced, fresh, fried, no added fat"
975,"Mushroom, common, vitamin D enhanced, fresh, raw"
976,"Mussel, blue, steamed"
977,Mustard powder
978,"Mustard, cream style"
979,"Mutton, all cuts, separable fat, cooked"
980,"Mutton, all cuts, separable fat, raw"
981,"Mutton, boneless dice or strips, shoulder, lean, casseroled, no added fat"
982,"Mutton, boneless dice or strips, shoulder, lean, raw"
983,"Mutton, boneless dice or strips, shoulder, semi-trimmed, casseroled, no added fat"
984,"Mutton, boneless dice or strips, shoulder, semi-trimmed, raw"
985,"Mutton, boneless dice or strips, shoulder, untrimmed, casseroled, no added fat"
986,"Mutton, boneless dice or strips, shoulder, untrimmed, raw"
987,"Mutton, roasting piece, with bone, leg, lean, raw"
988,"Mutton, roasting piece, with bone, leg, lean, roasted, no added fat"
989,"Mutton, roasting piece, with bone, leg, semi-trimmed, raw"
990,"Mutton, roasting piece, with bone, leg, semi-trimmed, roasted, no added fat"
991,"Mutton, roasting piece, with bone, leg, untrimmed, raw"
992,"Mutton, roasting piece, with bone, leg, untrimmed, roasted, no added fat"
993,"Nectarine, yellow, unpeeled, raw"
994,"Noodle snack, wheat, flavoured, dry"
995,"Noodle, rice stick, boiled, drained"
996,"Noodle, soba, boiled, drained"
997,"Noodle, soba, dry"
998,"Noodle, wheat with egg, plain, boiled, no added fat"
999,"Noodle, wheat, fresh, soaked, drained"
1000,"Noodle, wheat, instant, flavoured, boiled, drained"
1001,"Noodle, wheat, instant, flavoured, boiled, undrained"
1002,"Noodle, wheat, instant, flavoured, dry, uncooked"
1003,"Nut, almond meal"
1004,"Nut, almond, with skin, raw, unsalted"
1005,"Nut, almond, with skin, roasted, unsalted"
1006,"Nut, brazil, raw or blanched, unsalted"
1007,"Nut, cashew, raw, unsalted"
1008,"Nut, cashew, roasted, salted"
1009,"Nut, cashew, roasted, unsalted"
1010,"Nut, chestnut, raw, unsalted"
1011,"Nut, chestnut, roasted, unsalted"
1012,"Nut, hazelnut, raw, unsalted"
1013,"Nut, macadamia, raw, unsalted"
1015,"Nut, peanut, with skin, raw, unsalted"
1016,"Nut, peanut, with skin, roasted, with oil, salted"
1017,"Nut, peanut, without skin, roasted, with oil, salted"
1018,"Nut, peanut, without skin, roasted, with oil, unsalted"
1019,"Nut, pecan, raw, unsalted"
1020,"Nut, pine, raw, unsalted"
1021,"Nut, pistachio, raw, unsalted"
1022,"Nut, walnut, raw, unsalted"
1023,"Nutmeg, dried, ground"
1024,"Oat beverage, fluid, added calcium"
1025,"Oat beverage, fluid, unfortified"
1026,"Oats, hulled, uncooked"
1027,"Oats, rolled, mixed with sugar or honey & other flavours, uncooked"
1028,"Oats, rolled, uncooked"
1029,"Octopus, boiled, no added fat"
1030,"Octopus, raw"
1031,"Oil, almond"
1032,"Oil, blend of monounsaturated vegetable oils"
1033,"Oil, blend of polyunsaturated vegetable oils"
1034,"Oil, canola"
1035,"Oil, copha"
1036,"Oil, cottonseed"
1037,"Oil, grapeseed"
1038,"Oil, linseed or flaxseed"
1039,"Oil, macadamia"
1040,"Oil, mustard seed"
1041,"Oil, olive"
1042,"Oil, palm"
1043,"Oil, peanut"
1044,"Oil, rice bran"
1045,"Oil, soybean"
1046,"Oil, sunflower"
1047,"Oil, vegetable"
1048,"Okra, cooked, no added fat"
1049,"Okra, raw"
1050,"Olive, green or black, drained"
1052,"Onion, mature, brown skinned, peeled, fresh, fried, no added fat"
1053,"Onion, mature, brown skinned, peeled, raw"
1054,"Onion, mature, red skinned, fried, no added fat"
1055,"Onion, mature, red skinned, raw"
1056,"Onion, mature, white skinned, peeled, fresh, fried, no added fat"
1057,"Onion, mature, white skinned, peeled, fresh, raw"
1058,"Onion, spring, fresh, fried, no added fat"
1059,"Onion, spring, fresh, raw"
1060,"Orange, navel, peeled, raw"
1061,"Orange, peeled, raw"
1062,"Orange, valencia, peeled, raw"
1063,"Oregano, dried"
1064,"Ostrich, fan fillet, raw"
1065,"Ostrich, moon steak, raw"
1066,"Oyster, aquacultured, raw"
1067,"Oyster, native, aquacultured, raw"
1068,"Oyster, Pacific, aquacultured, raw"
1069,"Oyster, Sydney rock, aquacultured, raw"
1070,"Pancake, plain, homemade"
1071,"Paprika, dry powder"
1072,"Parsley, continental, fresh, raw"
1073,"Parsley, curly, fresh, raw"
1074,"Parsnip, peeled, fresh, baked, no added fat"
1075,"Parsnip, peeled, fresh, boiled, drained"
1076,"Parsnip, peeled, fresh, raw"
1077,"Passionfruit, pulp, canned"
1078,"Passionfruit, raw"
1079,"Pasta in cream based sauce, dry mix"
1080,"Pasta in cream based sauce, prepared from dry mix"
1081,"Pasta, gluten free, boiled from dry, no added salt"
1082,"Pasta, legume based, boiled, no added salt"
1083,"Pasta, maize flour (corn) based, boiled from dry, no added salt"
1084,"Pasta, maize flour (corn) based, dry"
1085,"Pasta, white wheat flour & egg, boiled from dry, no added salt"
1086,"Pasta, white wheat flour & egg, dry"
1087,"Pasta, white wheat flour & spinach, boiled from dry, no added salt"
1088,"Pasta, white wheat flour & spinach, dry"
1089,"Pasta, white wheat flour, boiled from dry, no added salt"
1090,"Pasta, white wheat flour, dry"
1091,"Pasta, white wheat flour, fresh, boiled, no added salt"
1092,"Pasta, white wheat flour, fresh, uncooked"
1093,"Pasta, wholemeal wheat flour, boiled from dry, no added salt"
1094,"Pasta, wholemeal wheat flour, dry"
1095,"Paste, green curry, commercial"
1096,"Paste, Indian style curry, commercial"
1097,"Paste, shrimp"
1098,"Paste, soybean"
1099,"Pastry, filled with spinach & cheese, purchased frozen, baked"
1100,"Pastry, filo, commercial, baked"
1101,"Pastry, filo, commercial, raw"
1102,"Pastry, puff, vegetable oil, commercial, baked"
1103,"Pastry, puff, vegetable oil, commercial, raw"
1104,"Pastry, puff, with butter, commercial, baked"
1105,"Pastry, puff, with butter, commercial, raw"
1106,"Pastry, shortcrust style, commercial, baked"
1107,"Pastry, shortcrust style, commercial, raw"
1108,"Pawpaw (papaya), peeled, raw"
1109,"Pea, green, fresh, boiled, drained"
1110,"Pea, green, fresh, raw"
1111,"Pea, green, frozen, boiled, drained"
1112,"Pea, green, whole, dried"
1113,"Pea, split, dried"
1114,"Pea, split, dried, boiled, drained"
1115,"Pea, yellow, whole, dried"
1116,"Peach, canned in pear juice"
1117,"Peach, canned in pear juice, drained"
1118,"Peach, canned in pear juice, juice only"
1119,"Peach, yellow, unpeeled, raw"
1121,"Peanut butter, smooth & crunchy, added sugar & salt"
1122,"Peanut butter, smooth & crunchy, no added sugar or salt"
1123,"Pear, brown skin, unpeeled, raw"
1124,"Pear, canned in pear juice"
1125,"Pear, canned in pear juice, drained"
1126,"Pear, canned in pear juice, juice only"
1127,"Pear, green skin, unpeeled, raw"
1128,"Pear, nashi, unpeeled, raw"
1129,"Pear, Packham's triumph, unpeeled, raw"
1130,"Pear, William Bartlett, unpeeled, raw"
1131,"Pepper, black, ground"
1132,"Persimmon, peeled, raw"
1133,"Pie, savoury, meat, commercial, ready to eat"
1134,"Pie, savoury, meat, purchased frozen, baked"
1135,"Pie, steak & kidney, canned"
1136,"Pie, sweet, apple, commercial"
1137,"Pigeon (squab), whole, raw"
1138,"Pikelet or pancake, sweet, commercial"
1139,"Pikelet, plain, homemade"
1140,"Pineapple, canned in juice, drained"
1141,"Pineapple, canned in pineapple juice"
1142,"Pineapple, canned in pineapple juice, juice only"
1143,"Pineapple, canned in syrup"
1144,"Pineapple, canned in syrup, drained"
1145,"Pineapple, canned in syrup, syrup only"
1146,"Pineapple, peeled, raw"
1147,"Pizza, cheese & tomato, commercial"
1148,"Pizza, ham & pineapple, purchased frozen, baked"
1149,"Pizza, ham & pineapple, takeaway style"
1150,"Pizza, supreme, fast food chain"
1151,"Pizza, supreme, purchased frozen, baked"
1152,"Pizza, supreme, takeaway style"
1153,"Pizza, vegetable, fast food chain"
1154,"Plum, dark, canned in syrup"
1155,"Plum, dark, canned in syrup, drained"
1156,"Plum, dark, canned in syrup, syrup only"
1157,"Plum, davidson (native), flesh"
1158,"Plum, salted"
1159,"Plum, unpeeled, raw"
1160,"Pomegranate, peeled, raw"
1161,"Popcorn, commercial, butter flavoured, salted"
1162,"Pork, belly, rind removed, baked, no added fat"
1163,"Pork, belly, rind removed, raw"
1164,"Pork, butterfly steak, lean, grilled, no added fat"
1165,"Pork, butterfly steak, lean, raw"
1166,"Pork, butterfly steak, untrimmed, grilled, no added fat"
1167,"Pork, butterfly steak, untrimmed, raw"
1168,"Pork, diced, untrimmed, fried, no added fat"
1169,"Pork, diced, untrimmed, raw"
1170,"Pork, fillet, fully-trimmed, baked, no added fat"
1171,"Pork, fillet, lean, raw"
1172,"Pork, forequarter (chop, roast, neck), separable fat, raw"
1173,"Pork, forequarter chop, lean, BBQ'd, no added fat"
1174,"Pork, forequarter chop, lean, raw"
1175,"Pork, forequarter chop, semi-trimmed, BBQ'd, no added fat"
1176,"Pork, forequarter chop, untrimmed, BBQ'd, no added fat"
1177,"Pork, forequarter chop, untrimmed, raw"
1178,"Pork, forequarter shoulder roast, lean, BBQ'd, no added fat"
1179,"Pork, forequarter shoulder roast, lean, raw"
1180,"Pork, forequarter shoulder roast, semi-trimmed, BBQ'd, no added fat"
1181,"Pork, forequarter shoulder roast, untrimmed, BBQ'd, no added fat"
1182,"Pork, forequarter shoulder roast, untrimmed, raw"
1183,"Pork, forequarter, separable fat, BBQ'd, no added fat"
1184,"Pork, leg roast, untrimmed, baked, no added fat"
1185,"Pork, leg roast, untrimmed, raw"
1186,"Pork, leg steak (round, rump, topside, silverside), lean, fried, no added fat"
1187,"Pork, leg steak (round, rump, topside, silverside), lean, raw"
1188,"Pork, leg steak (round, rump, topside, silverside), untrimmed, fried, no added fat"
1189,"Pork, leg steak (round, rump, topside, silverside), untrimmed, raw"
1190,"Pork, leg steak (rump), separable fat, fried, no added fat"
1191,"Pork, leg steak (rump), separable fat, raw"
1192,"Pork, loin chop, lean, BBQ'd, no added fat"
1193,"Pork, loin chop, lean, raw"
1194,"Pork, loin chop, semi-trimmed, BBQ'd, no added fat"
1195,"Pork, loin chop, semi-trimmed, raw"
1196,"Pork, loin chop, separable fat, BBQ'd, no added fat"
1197,"Pork, loin chop, separable fat, raw"
1198,"Pork, loin chop, untrimmed, BBQ'd, no added fat"
1199,"Pork, loin chop, untrimmed, raw"
1200,"Pork, loin cutlet, untrimmed, fried, no added fat"
1201,"Pork, loin cutlet, untrimmed, raw"
1202,"Pork, loin roast, lean, baked, no added fat"
1203,"Pork, loin roast, lean, raw"
1204,"Pork, loin roast, separable fat, baked, no added fat"
1205,"Pork, loin roast, separable fat, raw"
1206,"Pork, loin roast, untrimmed, baked, no added fat"
1207,"Pork, loin roast, untrimmed, raw"
1208,"Pork, medallion or loin steak, lean, fried, no added fat"
1209,"Pork, medallion or loin steak, lean, raw"
1210,"Pork, medallion or loin steak, separable fat, fried, no added fat"
1211,"Pork, medallion or loin steak, separable fat, raw"
1212,"Pork, medallion or loin steak, untrimmed, fried, no added fat"
1213,"Pork, medallion or loin steak, untrimmed, raw"
1214,"Pork, mince, as purchased, fried, no added fat"
1215,"Pork, mince, untrimmed, raw"
1216,"Pork, round mini roast, lean, baked, no added fat"
1217,"Pork, round mini roast, lean, raw"
1218,"Pork, round mini roast, separable fat, baked, no added fat"
1219,"Pork, round mini roast, separable fat, raw"
1220,"Pork, round mini roast, untrimmed, baked, no added fat"
1221,"Pork, round mini roast, untrimmed, raw"
1222,"Pork, round steak, lean, fried, no added fat"
1223,"Pork, round steak, lean, raw"
1224,"Pork, rump steak, lean, fried, no added fat"
1225,"Pork, rump steak, lean, raw"
1226,"Pork, rump steak, untrimmed, fried, no added fat"
1227,"Pork, rump steak, untrimmed, raw"
1228,"Pork, scotch roast, lean, baked, no added fat"
1229,"Pork, scotch roast, lean, raw"
1230,"Pork, scotch roast, separable fat, baked, no added fat"
1231,"Pork, scotch roast, separable fat, raw"
1232,"Pork, scotch roast, untrimmed, baked, no added fat"
1233,"Pork, scotch roast, untrimmed, raw"
1234,"Pork, silverside steak, lean, fried, no added fat"
1235,"Pork, silverside steak, lean, raw"
1236,"Pork, silverside steak, untrimmed, raw"
1237,"Pork, spare ribs, untrimmed, baked, no added fat"
1238,"Pork, spare ribs, untrimmed, raw"
1239,"Pork, strips, untrimmed, fried, no added fat"
1240,"Pork, strips, untrimmed, raw"
1241,"Pork, topside steak, lean, fried, no added fat"
1242,"Pork, topside steak, lean, raw"
1243,"Pork, topside steak, untrimmed, fried, no added fat"
1245,"Porridge, rolled oats mixed with sugar or honey & other flavours, prepared with cows milk"
1246,"Porridge, rolled oats, prepared with regular fat cows milk"
1247,"Porridge, rolled oats, prepared with water"
1249,"Potato crisps or chips, flavoured (other than salt & vinegar)"
1250,"Potato crisps or chips, plain, salted"
1251,"Potato crisps or chips, reformed, salted"
1252,"Potato crisps or chips, salt & vinegar flavoured"
1253,"Potato straws, French fries, plain"
1254,"Potato, chips, regular, fast food outlet, deep fried, blended oil, salted"
1255,"Potato, chips, regular, fast food outlet, deep fried, monounsaturated oil, salted"
1256,"Potato, chips, regular, independent takeaway outlet, deep fried, blended oil, salted"
1257,"Potato, chips, regular, purchased frozen, baked, no added fat"
1258,"Potato, coliban, peeled, baked, no added fat"
1259,"Potato, coliban, peeled, boiled, drained"
1260,"Potato, coliban, peeled, raw"
1261,"Potato, desiree, peeled, baked, no added fat"
1262,"Potato, desiree, peeled, boiled, drained"
1263,"Potato, desiree, peeled, raw"
1264,"Potato, fries, fast food outlet, deep fried, monounsaturated oil, salted"
1265,"Potato, fries, independent takeaway outlet, deep fried, blended oil, salted"
1266,"Potato, new, peeled, baked, no added fat"
1267,"Potato, new, peeled, boiled, drained"
1268,"Potato, new, peeled, raw"
1269,"Potato, pale skin, peeled, baked, no added fat"
1270,"Potato, pale skin, peeled, boiled, drained"
1271,"Potato, pale skin, peeled, raw"
1272,"Potato, pontiac, peeled, baked, no added fat"
1273,"Potato, pontiac, peeled, boiled, drained"
1274,"Potato, pontiac, peeled, raw"
1275,"Potato, red skin, peeled, baked, no added fat"
1276,"Potato, red skin, peeled, boiled, drained"
1277,"Potato, red skin, peeled, raw"
1278,"Potato, sebago, peeled, baked, no added fat"
1279,"Potato, sebago, peeled, boiled, drained"
1280,"Potato, sebago, peeled, raw"
1281,"Prawn, banana, aquacultured, purchased cooked"
1282,"Prawn, banana, wild, flesh, raw"
1283,"Prawn, black tiger, aquacultured, purchased cooked"
1284,"Prawn, brown tiger, wild, flesh, raw"
1285,"Prawn, endeavour, wild, flesh, raw"
1286,"Prawn, flesh, cooked from raw, no added fat"
1287,"Prawn, flesh, raw (green)"
1288,"Prawn, school, wild, flesh, raw"
1289,"Prawn, Western king, wild, flesh, raw"
1290,"Prickly pear, peeled, raw"
1291,Prosciutto
1292,"Protein powder, whey based, protein >70%, unfortified"
1293,"Protein powder, whey based, protein >70%, unfortified, prepared with water"
1294,Prune (dried plum)
1295,"Psyllium, uncooked"
1296,"Pudding, chocolate, homemade"
1297,"Pudding, plum, steamed or boiled, homemade"
1298,"Pudding, sticky date, homemade"
1299,"Pumpkin, butternut, peeled, fresh, baked, no added fat"
1300,"Pumpkin, butternut, peeled, fresh, boiled, drained"
1301,"Pumpkin, butternut, peeled, fresh, raw"
1302,"Pumpkin, golden nugget, peeled, fresh, baked, no added fat"
1303,"Pumpkin, golden nugget, peeled, fresh, boiled, drained"
1304,"Pumpkin, golden nugget, peeled, fresh, raw"
1305,"Pumpkin, jarrahdale, peeled, fresh, baked, no added fat"
1306,"Pumpkin, jarrahdale, peeled, fresh, boiled, drained"
1307,"Pumpkin, jarrahdale, peeled, fresh, raw"
1308,"Pumpkin, peeled, fresh, baked, no added fat"
1309,"Pumpkin, peeled, fresh, boiled, drained"
1310,"Pumpkin, peeled, fresh, raw"
1311,"Pumpkin, Queensland blue, peeled, fresh, baked, no added fat"
1312,"Pumpkin, Queensland blue, peeled, fresh, boiled, drained"
1313,"Pumpkin, Queensland blue, peeled, fresh, raw"
1314,"Quail, lean flesh & skin, baked, no added fat"
1315,"Quail, lean flesh & skin, raw"
1316,"Quandong, fruit, flesh"
1317,"Quince, peeled, raw"
1318,"Quinoa, black, uncooked"
1319,"Quinoa, cooked in water, no added salt"
1320,"Quinoa, red, uncooked"
1321,"Quinoa, uncooked"
1322,"Quinoa, white, uncooked"
1323,"Rabbit, farmed, whole, raw"
1324,"Rabbit, flesh, casseroled, no added fat"
1325,"Radish, red skinned, unpeeled, raw"
1326,"Radish, white skinned, peeled, raw"
1327,Raisin
1328,"Rambutan, raw"
1329,"Raspberry, canned in syrup"
1330,"Raspberry, canned in syrup, drained"
1331,"Raspberry, canned in syrup, syrup only"
1332,"Raspberry, purchased frozen"
1333,"Raspberry, raw"
1334,"Rhubarb, stalk, raw"
1335,"Rice beverage, fluid, added calcium"
1336,"Rice paper wrapper, soaked in water"
1337,"Rice, brown, boiled, no added salt"
1338,"Rice, brown, uncooked"
1339,"Rice, white, boiled or rice cooker, no added salt"
1340,"Rice, white, fried with bacon or ham, egg, prawns & vegetables"
1341,"Rice, white, purchased as 'instant', microwaved"
1342,"Rice, white, uncooked"
1343,"Rice, wild, boiled, no added salt"
1344,"Rice, wild, uncooked"
1345,"Rocket, fresh, raw"
1346,"Rosemary, dried"
1347,"Rosemary, fresh, raw"
1348,"Rye, grain, whole, uncooked"
1349,"Rye, rolled, uncooked"
1350,"Sage, dried"
1351,"Salami, all varieties, raw"
1352,"Salami, danish"
1353,"Salami, hungarian"
1354,"Salami, mettwurst"
1355,"Salami, milano"
1356,"Salami, pepperoni"
1357,"Salmon, Atlantic, fillet, grilled, no added fat"
1358,"Salmon, Atlantic, fillet, raw"
1359,"Salmon, Atlantic, fillet, steamed, no added fat"
1360,"Salmon, flavoured, canned, undrained"
1361,"Salmon, Pacific King, fillet, skinless, grilled, no added fat"
1362,"Salmon, Pacific King, fillet, skinless, raw"
1363,"Salmon, Pacific King, fillet, steamed, no added fat"
1364,"Salmon, pink, canned in brine, drained"
1365,"Salmon, red, canned in brine, drained"
1366,"Salmon, smoked, sliced"
1367,"Salt substitute, potassium chloride"
1368,"Salt, table, iodised"
1369,"Salt, table, non-iodised"
1370,"Sardine, Australian, whole, fried, no added fat"
1371,"Sardine, Australian, whole, raw"
1372,"Sauce, barbecue, commercial"
1373,"Sauce, butter chicken, commercial"
1375,"Sauce, cranberry, commercial"
1376,"Sauce, fish, commercial"
1377,"Sauce, hoi sin (hoisin), commercial"
1378,"Sauce, oyster, commercial"
1379,"Sauce, pasta or simmer, commercial, low fat"
1380,"Sauce, pasta, basil pesto, commercial"
1381,"Sauce, pasta, bolognese, homemade using beef mince & commercial tomato based sauce"
1382,"Sauce, pasta, bolognese, homemade using beef mince & homemade tomato based sauce"
1383,"Sauce, pasta, cheese or cream-based, commercial"
1384,"Sauce, pasta, tomato-based, commercial, heated"
1385,"Sauce, plum, commercial"
1386,"Sauce, rogan josh, commercial"
1387,"Sauce, salsa, tomato-based, commercial"
1388,"Sauce, simmer for chicken, commercial"
1389,"Sauce, simmer, curry flavoured, commercial"
1390,"Sauce, soy, commercial"
1391,"Sauce, soy, commercial, reduced salt"
1392,"Sauce, tabasco, commercial"
1393,"Sauce, tomato, commercial"
1394,"Sauce, tomato, commercial, reduced salt"
1395,"Sauce, white, savoury, homemade"
1396,"Sauce, Worcestershire, commercial"
1397,"Sausage roll, commercial, ready to eat"
1398,"Sausage roll, purchased frozen, baked"
1399,"Sausage, beef, fried, no added fat"
1400,"Sausage, beef, grilled, no added fat"
1401,"Sausage, beef, raw"
1402,"Sausage, chicken, flavoured, fried, no added fat"
1403,"Sausage, chicken, plain, fried, no added fat"
1404,"Sausage, chorizo, fried, no added fat"
1405,"Sausage, chorizo, uncooked"
1406,"Sausage, lamb, flavoured, fried, no added fat"
1407,"Sausage, lamb, plain, fried, no added fat"
1408,"Sausage, pork, fried, no added fat"
1409,"Sausage, vegetarian style, added Fe, Zn and vitamin B12, raw"
1410,"Sausage, vegetarian style, fried, no added fat"
1411,"Sausage, vegetarian style, unfortified, raw"
1412,"Sausages & vegetables, canned"
1413,"Scallop, fried, no added fat"
1414,"Scallop, raw"
1415,"Scone, fruit, commercial"
1416,"Scone, plain, commercial"
1417,"Scone, plain, homemade"
1418,"Scone, pumpkin, homemade"
1419,"Seaweed, boiled, drained"
1420,"Seaweed, nori, dried"
1421,"Seed, chia, dried"
1422,"Seed, linseed or flaxseed"
1423,"Seed, poppy"
1424,"Seed, pumpkin, hulled & dried"
1425,"Seed, sunflower"
1426,"Semolina, boiled, no added fat or salt"
1427,"Semolina, uncooked"
1428,"Shallot, peeled, fresh, fried, no added fat"
1429,"Shallot, peeled, fresh, raw"
1430,"Shark, battered, deep-fried, takeaway outlet"
1431,"Shark, fillet, without skin, baked, no added fat"
1432,"Shark, fillet, without skin, raw"
1433,"Shark, fillet, without skin, steamed, no added fat"
1434,"Silver perch, aquacultured, baked, no added fat"
1435,"Silver perch, aquacultured, raw"
1436,"Silver perch, aquacultured, steamed, no added fat"
1437,"Silverbeet, fresh, boiled, drained"
1438,"Silverbeet, fresh, raw"
1439,"Slice, brownie, chocolate, with nuts, homemade"
1440,"Slice, brownie, chocolate, without nuts, commercial"
1441,"Slice, caramel"
1442,"Snack, grain based, extruded, flavoured"
1443,"Snapper, fillet, baked, no added fat"
1444,"Snapper, fillet, raw"
1445,"Snapper, fillet, steamed, no added fat"
1446,"Snow pea, fresh, boiled, drained"
1447,"Snow pea, fresh, fried, no added fat"
1448,"Snow pea, fresh, raw"
1449,"Soft drink, cola flavour"
1450,"Soft drink, cola flavour, decaffeinated"
1451,"Soft drink, cola flavour, intense sweetened or diet"
1452,"Soft drink, cola flavour, intense sweetened or diet, decaffeinated"
1453,"Soft drink, energy drink, Red Bull"
1454,"Soft drink, energy drink, V"
1455,"Soft drink, fruit flavours"
1456,"Soft drink, fruit flavours, intense sweetened or diet"
1457,"Soft drink, tonic water"
1458,"Soft drink, tonic water, intense sweetened or diet"
1459,"Sorghum, grain, uncooked"
1460,"Soup, broth style, with meat & noodles, instant dry mix"
1461,"Soup, broth style, with meat, instant dry mix"
1462,"Soup, chicken & noodle, cup of soup, prepared from instant dry mix with water"
1463,"Soup, cream variety, instant dry mix"
1465,"Soup, vegetable & noodle, instant dry mix"
1466,"Soup, vegetable, instant dry mix"
1467,"Soy beverage, reduced fat (1% fat), added Ca & vitamins A, B1, B2 & B12"
1468,"Soy beverage, regular fat (3% fat), added Ca"
1469,"Soy beverage, regular fat (3% fat), added Ca & vitamins A, B1, B2 & B12"
1470,"Soy beverage, regular fat (3% fat), unfortified"
1471,"Spaghetti in tomato & cheese sauce, canned"
1472,"Spaghetti in tomato & cheese sauce, canned, reduced salt"
1473,"Meat, processed, canned - SPAM"
1474,"Spelt, boiled, no added fat or salt"
1475,"Spelt, uncooked"
1476,"Spinach, baby, fresh, raw"
1477,"Spinach, Mature English, fresh, boiled, drained"
1478,"Spinach, Mature English, fresh, raw"
1479,"Spinach, water, fresh, raw"
1480,"Sprat, blue, wild caught, flesh, skin & bones, fried, no added fat"
1481,"Sprat, blue, wild caught, flesh, skin & bones, raw"
1482,"Spread, hazelnut & chocolate flavoured"
1484,"Spread, yeast, marmite"
1485,"Spread, yeast, vegemite"
1486,"Spring roll, meat & vegetable filling, commercial, deep fried"
1487,"Sprout, alfalfa, fresh, raw"
1488,"Sprout, bean, fresh, raw"
1489,"Squash, button, fresh, boiled, drained"
1490,"Squash, button, fresh, raw"
1491,"Squash, scallopini, fresh, boiled, drained"
1492,"Squash, scallopini, fresh, raw"
1493,"Squid or calamari, fried, no added fat"
1494,"Squid or calamari, raw"
1495,"Starch, potato"
1496,"Steak & vegetables, canned"
1497,"Stock, dry powder or cube"
1498,"Strawberry, canned in syrup"
1499,"Strawberry, canned in syrup, drained"
1500,"Strawberry, canned in syrup, syrup only"
1501,"Strawberry, purchased frozen"
1502,"Strawberry, raw"
1503,"Sugar, brown"
1504,"Sugar, raw"
1505,"Sugar, white, granulated or lump"
1506,"Sugar, white, icing"
1507,"Sugar, white, icing mixture"
1508,Sultana
1509,"Swede, peeled, fresh, boiled, drained"
1510,"Swede, peeled, fresh, raw"
1511,"Sweet potato, orange flesh, peeled, fresh, baked, no added fat"
1512,"Sweet potato, orange flesh, peeled, fresh, boiled, drained"
1513,"Sweet potato, orange flesh, peeled, fresh, raw"
1514,"Syrup, golden"
1515,"Syrup, maple, pure"
1516,"Taco seasoning mix, chilli-based"
1517,"Taco shell, from corn flour, plain"
1518,"Tahini, sesame seed pulp"
1519,"Tamarillo, peeled, raw"
1520,"Tamarind, paste, pure"
1521,"Tangelo, peeled, raw"
1522,"Tangerine or tangor, peeled, raw"
1523,"Tapioca, pearl or seed style, boiled, no added fat or salt"
1524,"Tapioca, pearl or seed style, uncooked"
1525,"Taro, peeled, fresh, boiled, drained"
1526,"Taro, peeled, fresh, raw"
1527,"Tart, custard, commercial"
1528,"Tea, decaffeinated, black, brewed from leaf or teabags, without milk"
1529,"Tea, green, plain, without milk"
1530,"Tea, regular, black, brewed from leaf or teabags, without milk"
1531,"Thyme, dried, ground"
1532,"Tilapia, fillet, baked, no added fat"
1533,"Tilapia, fillet, raw"
1534,"Tilapia, fillet, steamed, no added fat"
1535,"Tofu (soy bean curd), firm, as purchased"
1536,"Tomato, cherry, raw (9.3g per ovoid)"
1537,"Tomato, common, raw"
1538,"Tomato, paste, no added salt"
1539,"Tomato, paste, with added salt"
1540,"Tomato, puree, commercial"
1541,"Tomato, roma, raw"
1542,"Tomato, sundried"
1543,"Tomato, whole, canned in tomato juice, drained"
1544,"Tomato, whole, canned in tomato juice, undrained"
1546,"Triticale, grain, uncooked"
1547,"Trout, ocean, aquacultured, fillet, without skin, baked, no added fat"
1548,"Trout, ocean, aquacultured, fillet, without skin, raw"
1549,"Trout, ocean, aquacultured, fillet, without skin, steamed, no added fat"
1550,"Trout, rainbow, aquacultured, baked, no added fat"
1551,"Trout, rainbow, aquacultured, raw"
1552,"Trout, rainbow, aquacultured, steamed, no added fat"
1553,"Tuna, canned in brine, drained"
1554,"Tuna, flavoured, canned in oil, drained"
1556,"Tuna, yellowfin, flesh, baked, no added fat"
1557,"Tuna, yellowfin, flesh, raw"
1558,"Tuna, yellowfin, flesh, steamed, no added fat"
1559,"Turkey, breast, lean flesh, baked, no added fat"
1560,"Turkey, breast, lean flesh, raw"
1561,"Turkey, breast, lean flesh, skin & fat, baked, no added fat"
1562,"Turkey, breast, lean flesh, skin & fat, raw"
1563,"Turkey, hindquarter, lean flesh, baked, no added fat"
1564,"Turkey, hindquarter, lean flesh, raw"
1565,"Turkey, hindquarter, lean flesh, skin & fat, baked, no added fat"
1566,"Turkey, hindquarter, lean flesh, skin & fat, raw"
1567,"Turmeric, dried, ground"
1568,"Turnip, white, peeled, fresh, boiled, no added fat"
1569,"Turnip, white, peeled, fresh, raw"
1570,Vanilla bean extract
1571,"Vanilla, artificial or imitation"
1572,"Veal, all cuts, separable fat, cooked"
1573,"Veal, all cuts, separable fat, raw"
1574,"Veal, boneless dice or strips, lean, raw"
1575,"Veal, boneless dice or strips, lean, stir-fried, no added fat"
1576,"Veal, boneless dice or strips, untrimmed, raw"
1577,"Veal, boneless dice or strips, untrimmed, stir-fried, no added fat"
1578,"Veal, cutlet, with bone, lean, grilled, no added fat"
1579,"Veal, cutlet, with bone, lean, raw"
1580,"Veal, cutlet, with bone, semi-trimmed, grilled, no added fat"
1581,"Veal, cutlet, with bone, semi-trimmed, raw"
1582,"Veal, cutlet, with bone, untrimmed, grilled, no added fat"
1583,"Veal, cutlet, with bone, untrimmed, raw"
1584,"Veal, diced, lean, raw"
1585,"Veal, diced, lean, stir-fried, no added fat"
1586,"Veal, diced, untrimmed, raw"
1587,"Veal, diced, untrimmed, stir-fried, no added fat"
1588,"Veal, steak, boneless, leg, lean, grilled, no added fat"
1589,"Veal, steak, boneless, leg, lean, raw"
1590,"Veal, steak, boneless, leg, untrimmed, grilled, no added fat"
1591,"Veal, steak, boneless, leg, untrimmed, raw"
1592,"Veal, stir-fry strips, lean, raw"
1593,"Veal, stir-fry strips, lean, stir-fried, no added fat"
1594,"Veal, stir-fry strips, untrimmed, raw"
1595,"Veal, stir-fry strips, untrimmed, stir-fried, no added fat"
1596,"Vegetable crisps or chips, sweet potato & taro, flavoured"
1598,"Vine leaf, grape, canned"
1599,Vinegar (except balsamic vinegar)
1600,"Water chestnut, peeled, canned, drained"
1601,"Water, bottled, still"
1602,"Water, coconut, commercial"
1603,"Water, soda"
1604,"Water, tap"
1605,"Watercress, raw"
1606,"Wattle seed (acacia), ground"
1607,"Wax jambu, raw"
1608,"Wheat bran, unprocessed, uncooked"
1609,Wheat germ
1610,"Wheat, whole, uncooked"
1611,"Whiting, King George, flesh, baked, no added fat"
1612,"Whiting, King George, flesh, raw"
1613,"Whiting, King George, flesh, steamed, no added fat"
1614,"Wine, fortified, port"
1615,"Wine, fortified, sherry, dry style (approximately 1% sugars)"
1616,"Wine, fortified, sherry, sweet style (approximately 11% sugars)"
1617,"Wine, red"
1618,"Wine, red, cabernet sauvignon"
1619,"Wine, red, cooked"
1620,"Wine, red, merlot"
1621,"Wine, red, pinot noir"
1622,"Wine, red, shiraz"
1623,"Wine, red, sparkling"
1624,"Wine, rose"
1625,"Wine, white"
1626,"Wine, white, chardonnay"
1627,"Wine, white, cooked"
1628,"Wine, white, riesling"
1629,"Wine, white, sauvignon blanc"
1630,"Wine, white, semillon"
1631,"Wine, white, sparkling"
1632,"Wine, white, sweet dessert style"
1633,"Yam, wild harvested, cooked"
1634,"Yeast, dry powder"
1635,"Yoghurt, almond based, flavoured"
1636,"Yoghurt, apricot pieces or flavoured, regular fat (3% fat)"
1637,"Yoghurt, coconut based, flavoured"
1638,"Yoghurt, flavoured, high fat (approx 5%)"
1639,"Yoghurt, flavoured, low fat (0.2%), intense sweetened, increased protein"
1640,"Yoghurt, flavoured, low fat (approx 2%)"
1641,"Yoghurt, natural, regular fat (3% fat)"
1642,"Yoghurt, soy based, berry flavoured, regular fat (3% fat)"
1643,"Yoghurt, soy based, vanilla flavoured, reduced fat (1% fat)"
1644,"Yoghurt, strawberry pieces or flavoured, regular fat (3% fat)"
1645,"Yoghurt, vanilla flavoured, (2% fat)"
1646,"Yoghurt, vanilla flavoured, low fat (less than 0.5% fat)"
1647,"Zucchini, golden, fresh, unpeeled, boiled, drained"
1648,"Zucchini, golden, fresh, unpeeled, fried, no added fat"
1649,"Zucchini, golden, fresh, unpeeled, raw"
1650,"Zucchini, green skin, fresh, unpeeled, boiled, drained"
1651,"Zucchini, green skin, fresh, unpeeled, fried, no added fat"
1652,"Zucchini, green skin, fresh, unpeeled, raw"
1653,"Alcoholic beverage, spirit, approximately 30% v/v, all (Brandy, Gin, Rum, Vodka and Whisky), cooked mL"
1654,"Alcoholic beverage, spirit, approximately 40% v/v, all (Brandy, Gin, Rum, Vodka and Whisky) mL"
1655,"Almond beverage, added sugar & Ca mL"
1656,"Almond beverage, added sugar & vitamins B1, B2 & B12 & Ca mL"
1657,"Almond beverage, no added sugar, added Ca mL"
1658,"Almond beverage, no added sugar, unfortified mL"
1659,"Apricot, canned in pear juice, juice only mL"
1660,"Beer, full strength (alcohol 4-4.9% v/v) mL"
1661,"Beer, full strength (alcohol 4-4.9% v/v), carbohydrate modified mL"
1662,"Beer, high alcohol (5% v/v & above) mL"
1663,"Beer, light (alcohol 1-2.9% v/v) mL"
1664,"Beer, mid-strength (alcohol 3-3.9% v/v) mL"
1665,"Beverage, chocolate flavour, from drinking chocolate, with regular fat cows milk mL"
1666,"Beverage, chocolate flavour, from Milo powder, with regular fat cows milk mL"
1667,"Breakfast cereal, beverage, non-chocolate flavours, added vitamins A, B1, B2, B3, B6, B12, C & folate & Ca mL"
1668,"Cherry, black, canned in syrup, syrup only mL"
1669,"Cider, apple (alcohol approximately 4-5% v/v) mL"
1670,"Coconut beverage, added Ca mL"
1671,"Coconut beverage, unfortified mL"
1672,"Coconut, cream, regular fat mL"
1673,"Coconut, fresh, mature, water or juice mL"
1674,"Coconut, fresh, young or immature, water or juice mL"
1675,"Coconut, milk, canned, reduced fat mL"
1676,"Coconut, milk, canned, regular fat mL"
1677,"Coffee, black, from instant coffee powder mL"
1678,"Coffee, black, from instant coffee powder, decaffeinated mL"
1679,"Coffee, espresso, from ground coffee beans mL"
1680,"Coffee, flat white/latte/cappuccino, from ground coffee beans, with regular fat cows milk mL"
1681,"Coffee, long black, from ground coffee beans mL"
1682,"Coffee, prepared from coffee mix with sugar & whitener, no added milk mL"
1683,"Cordial base, 25% citrus fruit juice, regular mL"
1684,"Cordial base, 40% citrus fruit juice, regular mL"
1685,"Cordial base, blackcurrant juice, regular mL"
1686,"Cordial, 25% citrus fruit juice, regular, recommended dilution mL"
1687,"Cordial, 40% citrus fruit juice, regular, recommended dilution mL"
1688,"Cordial, blackcurrant juice, regular, recommended dilution mL"
1689,"Cream, imitation (non-dairy) mL"
1690,"Cream, sour, light (approximately 18% fat) mL"
1691,"Cream, sour, regular fat mL"
1692,"Cream, thickened, regular fat (approximately 35%) mL"
1693,"Custard, vanilla, prepared from dry mix mL"
1694,"Custard, vanilla, regular fat mL"
1695,"Dairy or yoghurt dessert, chocolate, regular fat mL"
1696,"Dip, hummus, commercial mL"
1697,"Dressing, French or Italian, regular fat, commercial mL"
1698,"Dressing, thousand island, regular fat, commercial mL"
1699,"Fruit drink, apple juice mL"
1700,"Fruit drink, cranberry mL"
1701,"Fruit drink, orange juice mL"
1702,"Fruit salad, canned in fruit juice, juice only mL"
1703,"Glucose, liquid or syrup mL"
1704,"Gravy, prepared from dry powder with water mL"
1705,Honey mL
1706,"Ice cream, vanilla flavour, premium or rich (~15% fat) mL"
1707,"Ice cream, vanilla flavour, regular fat mL"
1708,"Juice, apple & blackcurrant, commercial mL"
1709,"Juice, apple, commercial, added vitamin C mL"
1710,"Juice, lemon mL"
1711,"Juice, lime mL"
1712,"Juice, orange & mango, commercial mL"
1713,"Juice, orange, commercial mL"
1714,"Kombucha, flavoured, added juice or intense sweeteners mL"
1715,"Mandarin, canned in syrup, syrup only mL"
1716,"Mayonnaise, low fat, commercial mL"
1717,"Mayonnaise, traditional (greater than 65% fat), commercial mL"
1718,"Milk, cow, canned, evaporated, reduced fat (approximately 2% fat) mL"
1719,"Milk, cow, canned, evaporated, regular mL"
1720,"Milk, cow, canned, sweetened, condensed, regular mL"
1721,"Milk, cow, fluid, flavoured, chocolate, reduced fat mL"
1722,"Milk, cow, fluid, lactose free, reduced fat (1% fat) mL"
1723,"Milk, cow, fluid, lactose free, regular fat (3.5% fat) mL"
1724,"Milk, cow, fluid, reduced fat (1% fat) mL"
1725,"Milk, cow, fluid, reduced fat (1.5% fat), added omega 3 polyunsaturates mL"
1726,"Milk, cow, fluid, regular fat (3.5% fat) mL"
1727,"Milk, cow, fluid, regular fat (3.5% fat), added omega 3 polyunsaturates mL"
1728,"Milk, cow, fluid, skim (0.15% fat) mL"
1729,"Milk, cow, fluid, skim (0.15% fat), added milk solids mL"
1730,"Milk, human/breast, mature, fluid mL"
1731,"Mineral water, citrus flavoured mL"
1732,"Mineral water, natural, unflavoured mL"
1733,"Mustard, cream style mL"
1734,"Oat beverage, fluid, added calcium mL"
1735,"Oat beverage, fluid, unfortified mL"
1736,"Oil, almond mL"
1737,"Oil, blend of monounsaturated vegetable oils mL"
1738,"Oil, blend of polyunsaturated vegetable oils mL"
1739,"Oil, canola mL"
1740,"Oil, copha mL"
1741,"Oil, cottonseed mL"
1742,"Oil, grapeseed mL"
1743,"Oil, linseed or flaxseed mL"
1744,"Oil, macadamia mL"
1745,"Oil, mustard seed mL"
1746,"Oil, olive mL"
1747,"Oil, palm mL"
1748,"Oil, peanut mL"
1749,"Oil, rice bran mL"
1750,"Oil, soybean mL"
1751,"Oil, sunflower mL"
1752,"Oil, vegetable mL"
1753,"Peach, canned in pear juice, juice only mL"
1754,"Pear, canned in pear juice, juice only mL"
1755,"Pineapple, canned in pineapple juice, juice only mL"
1756,"Pineapple, canned in syrup, syrup only mL"
1757,"Plum, dark, canned in syrup, syrup only mL"
1758,"Protein powder, whey based, protein >70%, unfortified, prepared with water mL"
1759,"Raspberry, canned in syrup, syrup only mL"
1760,"Rice beverage, fluid, added calcium mL"
1761,"Sauce, barbecue, commercial mL"
1762,"Sauce, butter chicken, commercial mL"
1763,"Sauce, cranberry, commercial mL"
1764,"Sauce, fish, commercial mL"
1765,"Sauce, hoi sin (hoisin), commercial mL"
1766,"Sauce, oyster, commercial mL"
1767,"Sauce, pasta or simmer, commercial, low fat mL"
1768,"Sauce, pasta, basil pesto, commercial mL"
1769,"Sauce, pasta, cheese or cream-based, commercial mL"
1770,"Sauce, pasta, tomato-based, commercial, heated mL"
1771,"Sauce, plum, commercial mL"
1772,"Sauce, rogan josh, commercial mL"
1773,"Sauce, salsa, tomato-based, commercial mL"
1774,"Sauce, simmer for chicken, commercial mL"
1775,"Sauce, simmer, curry flavoured, commercial mL"
1776,"Sauce, soy, commercial mL"
1777,"Sauce, soy, commercial, reduced salt mL"
1778,"Sauce, tabasco, commercial mL"
1779,"Sauce, tomato, commercial mL"
1780,"Sauce, tomato, commercial, reduced salt mL"
1781,"Sauce, white, savoury, homemade mL"
1782,"Sauce, Worcestershire, commercial mL"
1783,"Soft drink, cola flavour mL"
1784,"Soft drink, cola flavour, decaffeinated mL"
1785,"Soft drink, cola flavour, intense sweetened or diet mL"
1786,"Soft drink, cola flavour, intense sweetened or diet, decaffeinated mL"
1787,"Soft drink, energy drink, Red Bull mL"
1788,"Soft drink, energy drink, V mL"
1789,"Soft drink, fruit flavours mL"
1790,"Soft drink, fruit flavours, intense sweetened or diet mL"
1791,"Soft drink, tonic water mL"
1792,"Soft drink, tonic water, intense sweetened or diet mL"
1793,"Soup, chicken & noodle, cup of soup, prepared from instant dry mix with water mL"
1794,"Soy beverage, reduced fat (1% fat), added Ca & vitamins A, B1, B2 & B12 mL"
1795,"Soy beverage, regular fat (3% fat), added Ca mL"
1796,"Soy beverage, regular fat (3% fat), added Ca & vitamins A, B1, B2 & B12 mL"
1797,"Soy beverage, regular fat (3% fat), unfortified mL"
1798,"Strawberry, canned in syrup, syrup only mL"
1799,"Syrup, golden mL"
1800,"Syrup, maple, pure mL"
1801,"Tahini, sesame seed pulp mL"
1802,"Tea, decaffeinated, black, brewed from leaf or teabags, without milk mL"
1803,"Tea, green, plain, without milk mL"
1804,"Tea, regular, black, brewed from leaf or teabags, without milk mL"
1805,"Vanilla, artificial or imitation mL"
1806,Vinegar (except balsamic vinegar) mL
1807,"Water, bottled, still mL"
1808,"Water, coconut, commercial mL"
1809,"Water, soda mL"
1810,"Water, tap mL"
1811,"Wine, fortified, port mL"
1812,"Wine, fortified, sherry, dry style (approximately 1% sugars) mL"
1813,"Wine, fortified, sherry, sweet style (approximately 11% sugars) mL"
1814,"Wine, red mL"
1815,"Wine, red, cabernet sauvignon mL"
1816,"Wine, red, cooked mL"
1817,"Wine, red, merlot mL"
1818,"Wine, red, pinot noir mL"
1819,"Wine, red, shiraz mL"
1820,"Wine, red, sparkling mL"
1821,"Wine, rose mL"
1822,"Wine, white mL"
1823,"Wine, white, chardonnay mL"
1824,"Wine, white, cooked mL"
1825,"Wine, white, riesling mL"
1826,"Wine, white, sauvignon blanc mL"
1827,"Wine, white, semillon mL"
1828,"Wine, white, sparkling mL"
1829,"Wine, white, sweet dessert style mL"
1830,"Yoghurt, almond based, flavoured mL"
1831,"Yoghurt, apricot pieces or flavoured, regular fat (3% fat) mL"
1832,"Yoghurt, coconut based, flavoured mL"
1833,"Yoghurt, flavoured, high fat (approx 5%) mL"
1834,"Yoghurt, flavoured, low fat (0.2%), intense sweetened, increased protein mL"
1835,"Yoghurt, flavoured, low fat (approx 2%) mL"
1836,"Yoghurt, natural, regular fat (3% fat) mL"
1837,"Yoghurt, soy based, berry flavoured, regular fat (3% fat) mL"
1838,"Yoghurt, soy based, vanilla flavoured, reduced fat (1% fat) mL"
1839,"Yoghurt, strawberry pieces or flavoured, regular fat (3% fat) mL"
1840,"Yoghurt, vanilla flavoured, (2% fat) mL"
1841,"Yoghurt, vanilla flavoured, low fat (less than 0.5% fat) mL"
